filename	topic	secondary_topic	summary
11001.md	economics-startups	ai-business	Startup/business analysis
11002.md	business-organization		Organizational analysis
11003.md	economics-startups	ai-business	Startup/business analysis
11004.md	prompt-engineering	ai-models	Prompt techniques
11005.md	biology-neuroscience		Neuroscience
11006.md	ai-business		Business and products
11007.md	ai-agents		AI agents
11008.md	ai-agents		AI agents
11009.md	economics-startups	ai-business	Startup/business analysis
11010.md	content-creation		Content creation
11011.md	ai-business		Business and products
11012.md	ai-models		AI model discussion
11013.md	self-improvement		Self-improvement
11014.md	business-organization		Organizational analysis
11015.md	sn-watchdog		Monitoring/health tracking
11016.md	ai-business		Business and products
11017.md	economics-investing		Investment analysis
11018.md	economics-macro		Macroeconomics
11019.md	geopolitics-us-china		US-China geopolitics
11020.md	ai-agents		AI agents
11021.md	business-organization		Organizational analysis
11022.md	ai-business		Business and products
11023.md	economics-startups	ai-business	Startup/business analysis
11024.md	ai-models		AI model discussion
11025.md	economics-startups	ai-business	Startup/business analysis
11026.md	sn-watchdog		Monitoring/health tracking
11027.md	sn-watchdog		Monitoring/health tracking
11028.md	design		Design/UX
11029.md	business-organization		Organizational analysis
11030.md	economics-startups	ai-business	Startup/business analysis
11031.md	biology-neuroscience		Neuroscience
11032.md	business-organization		Organizational analysis
11033.md	economics-startups	ai-business	Startup/business analysis
11034.md	prompt-engineering	ai-models	Prompt techniques
11035.md	content-creation		Content creation
11036.md	ai-models		AI model discussion
11037.md	ai-business		Business and products
11038.md	ai-agents		AI agents
11039.md	economics-startups	ai-business	Startup/business analysis
11040.md	sn-watchdog		Monitoring/health tracking
11041.md	ai-agents		AI agents
11042.md	economics-startups	ai-business	Startup/business analysis
11043.md	ai-models		AI model discussion
11044.md	ai-models		AI model discussion
11045.md	ai-business		Business and products
11046.md	economics-startups	ai-business	Startup/business analysis
11047.md	prompt-engineering	ai-models	Prompt techniques
11048.md	ai-business		Business and products
11049.md	ai-models		AI model discussion
11050.md	economics-startups	ai-business	Startup/business analysis
11051.md	content-creation		Content creation
11052.md	ai-business		Business and products
11053.md	sn-watchdog		Monitoring/health tracking
11054.md	economics-startups	ai-business	Startup/business analysis
11055.md	ai-business		Business and products
11056.md	ai-business		Business and products
11057.md	sn-other		Markdown document
11058.md	ai-agents		AI agents
11059.md	ai-agents		AI agents
11060.md	ai-models		AI model discussion
11061.md	ai-agents		AI agents
11062.md	biology-evolution		Evolution/biology
11063.md	ai-models		AI model discussion
11064.md	business-organization		Organizational analysis
11065.md	prompt-engineering	ai-models	Prompt techniques
11066.md	business-organization		Organizational analysis
11067.md	prompt-engineering	ai-models	Prompt techniques
11068.md	design		Design/UX
11069.md	ai-models		AI model discussion
11070.md	sn-other		Markdown document
11071.md	ai-agents		AI agents
11072.md	ai-agents		AI agents
11073.md	ai-business		Business and products
11074.md	design		Design/UX
11075.md	ai-models		AI model discussion
11076.md	ai-models		AI model discussion
11077.md	ai-models		AI model discussion
11078.md	sn-watchdog		Monitoring/health tracking
11079.md	sn-other		Markdown document
11080.md	ai-agents		AI agents
11081.md	economics-startups	ai-business	Startup/business analysis
11082.md	content-creation		Content creation
11083.md	ai-agents		AI agents
11084.md	mcp	ai-models	Model Context Protocol
11085.md	sn-prompt	ai-agents	Agent system prompt
11086.md	content-creation		Content creation
11087.md	sn-handoff		Session handoff document
11088.md	sn-prompt	ai-agents	Agent system prompt
11089.md	biology-evolution		Evolution/biology
11090.md	design		Design/UX
11091.md	sn-prompt	ai-agents	Agent system prompt
11092.md	sn-watchdog		Monitoring/health tracking
11093.md	sn-prompt	ai-agents	Agent system prompt
11094.md	mcp	ai-models	Model Context Protocol
11095.md	ai-agents		AI agents
11096.md	sn-prompt	ai-agents	Agent system prompt
11097.md	sn-handoff		Session handoff document
11098.md	ai-models		AI model discussion
11099.md	sn-prompt	ai-agents	Agent system prompt
11100.md	ai-agents		AI agents
11101.md	ai-models		AI model discussion
11102.complete	sn-result		Task completion record
11103.md	ai-models		AI model discussion
11104.md	sn-prompt	ai-agents	Agent system prompt
11105.complete	sn-result		Task completion record
11106.md	ai-models		AI model discussion
11107.md	ai-models		AI model discussion
11108.claimed-by-commander-M1-Mac-mini	ai-models		AI model discussion
11109.complete	sn-result		Task completion record
11110.md	ai-models		AI model discussion
11111.complete	sn-result		Task completion record
11112.complete	sn-result		Task completion record
11113.md	sn-other		Binary or unreadable
11114.complete	sn-result		Task completion record
11115.md	sn-other		Binary or unreadable
11116.complete	sn-result		Task completion record
11117.md	ai-models		AI model discussion
11118.md	ai-models		AI model discussion
11119.md	ai-models		AI model discussion
11120.complete	sn-result		Task completion record
11121.md	sn-watchdog		Monitoring/health tracking
11122.md	software-engineering		Software engineering
11123.md	business-organization		Organizational analysis
11124.md	sn-watchdog		Monitoring/health tracking
11125.md	sn-watchdog		Monitoring/health tracking
11126.md	sn-prompt	ai-agents	Agent system prompt
11127.md	sn-other		Markdown document
11128.md	sn-prompt	ai-agents	Agent system prompt
11129.md	ai-models		AI model discussion
11130.md	sn-prompt	ai-agents	Agent system prompt
11131.failed	ai-models		AI model discussion
11132.md	ai-models		AI model discussion
11133.md	ai-models		AI model discussion
11134.md	ai-models		AI model discussion
11135.md	ai-models		AI model discussion
11136.md	design		Design/UX
11137.md	ai-models		AI model discussion
11138.md	ai-models		AI model discussion
11139.md	sn-watchdog		Monitoring/health tracking
11140.md	ai-models		AI model discussion
11141.md	ai-models		AI model discussion
11142.md	sn-prompt	ai-agents	Agent system prompt
11143.md	design		Design/UX
11144.md	design		Design/UX
11145.md	ai-models		AI model discussion
11146.md	ai-models		AI model discussion
11147.md	ai-models		AI model discussion
11148.md	sn-watchdog		Monitoring/health tracking
11150.md	sn-watchdog		Monitoring/health tracking
11151.md	sn-watchdog		Monitoring/health tracking
11152.md	ai-models		AI model discussion
11153.md	sn-watchdog		Monitoring/health tracking
11154.md	sn-watchdog		Monitoring/health tracking
11155.md	sn-watchdog		Monitoring/health tracking
11156.md	sn-watchdog		Monitoring/health tracking
11158.md	sn-watchdog		Monitoring/health tracking
11159.md	sn-watchdog		Monitoring/health tracking
11160.md	sn-watchdog		Monitoring/health tracking
11161.md	sn-watchdog		Monitoring/health tracking
11162.md	sn-watchdog		Monitoring/health tracking
11163.md	sn-watchdog		Monitoring/health tracking
11164.md	sn-watchdog		Monitoring/health tracking
11165.md	sn-watchdog		Monitoring/health tracking
11166.md	sn-watchdog		Monitoring/health tracking
11167.claimed-by-adjudicator-Lisas-MacBook-Air	sn-watchdog		Monitoring/health tracking
11168.md	sn-watchdog		Monitoring/health tracking
11169.md	sn-watchdog		Monitoring/health tracking
11170.md	sn-watchdog		Monitoring/health tracking
11171.md	sn-watchdog		Monitoring/health tracking
11172.md	sn-watchdog		Monitoring/health tracking
11173.md	sn-watchdog		Monitoring/health tracking
11174.md	sn-watchdog		Monitoring/health tracking
11175.md	sn-watchdog		Monitoring/health tracking
11176.md	sn-watchdog		Monitoring/health tracking
11177.md	sn-watchdog		Monitoring/health tracking
11178.md	sn-watchdog		Monitoring/health tracking
11179.md	sn-watchdog		Monitoring/health tracking
11180.md	sn-watchdog		Monitoring/health tracking
11181.md	sn-prompt	ai-agents	Agent system prompt
11182.md	economics-startups	ai-business	Startup/business analysis
11183.md	sn-watchdog		Monitoring/health tracking
11184.md	sn-watchdog		Monitoring/health tracking
11185.md	sn-watchdog		Monitoring/health tracking
11186.md	sn-watchdog		Monitoring/health tracking
11187.md	sn-prompt	ai-agents	Agent system prompt
11188.md	biology-neuroscience		Neuroscience
11189.md	sn-watchdog		Monitoring/health tracking
11190.md	design		Design/UX
11191.md	sn-watchdog		Monitoring/health tracking
11192.md	sn-watchdog		Monitoring/health tracking
11193.md	biology-neuroscience		Neuroscience
11194.md	sn-prompt	ai-agents	Agent system prompt
11195.md	sn-prompt	ai-agents	Agent system prompt
11196.md	sn-watchdog		Monitoring/health tracking
11197.md	biology-neuroscience		Neuroscience
11198.md	biology-neuroscience		Neuroscience
11199.md	sn-prompt	ai-agents	Agent system prompt
11200.md	sn-watchdog		Monitoring/health tracking
11201.md	biology-neuroscience		Neuroscience
11202.md	sn-watchdog		Monitoring/health tracking
11203.md	sn-watchdog		Monitoring/health tracking
11204.md	sn-watchdog		Monitoring/health tracking
11205.md	sn-other		Markdown document
11206.md	design		Design/UX
11207.md	sn-prompt	ai-agents	Agent system prompt
11208.md	sn-watchdog		Monitoring/health tracking
11209.md	sn-watchdog		Monitoring/health tracking
11210.md	sn-watchdog		Monitoring/health tracking
11211.md	sn-watchdog		Monitoring/health tracking
11212.md	sn-watchdog		Monitoring/health tracking
11213.md	sn-watchdog		Monitoring/health tracking
11214.md	sn-watchdog		Monitoring/health tracking
11215.md	sn-watchdog		Monitoring/health tracking
11216.md	sn-watchdog		Monitoring/health tracking
11217.md	sn-watchdog		Monitoring/health tracking
11218.md	sn-watchdog		Monitoring/health tracking
11219.md	sn-watchdog		Monitoring/health tracking
11220.md	sn-watchdog		Monitoring/health tracking
11221.md	sn-watchdog		Monitoring/health tracking
11222.md	sn-watchdog		Monitoring/health tracking
11223.md	sn-watchdog		Monitoring/health tracking
11224.md	sn-watchdog		Monitoring/health tracking
11225.md	ai-agents		AI agents
11226.md	ai-agents		AI agents
11227.md	ai-agents		AI agents
11228.md	ai-agents		AI agents
11229.md	ai-models		AI model discussion
11230.md	economics-startups	ai-business	Startup/business analysis
11231.md	sn-watchdog		Monitoring/health tracking
11232.md	ai-agents		AI agents
11233.md	ai-agents		AI agents
11234.md	sn-watchdog		Monitoring/health tracking
11235.md	sn-watchdog		Monitoring/health tracking
11236.md	sn-watchdog		Monitoring/health tracking
11237.md	software-engineering		Software engineering
11238.md	sn-watchdog		Monitoring/health tracking
11239.md	ai-models		AI model discussion
11240.md	ai-models		AI model discussion
11241.md	ai-models		AI model discussion
11242.md	ai-models		AI model discussion
11243.md	sn-watchdog		Monitoring/health tracking
11244.md	sn-watchdog		Monitoring/health tracking
11245.md	sn-watchdog		Monitoring/health tracking
11246.md	sn-watchdog		Monitoring/health tracking
11247.md	sn-watchdog		Monitoring/health tracking
11248.md	sn-watchdog		Monitoring/health tracking
11249.md	sn-watchdog		Monitoring/health tracking
11250.md	sn-watchdog		Monitoring/health tracking
11251.md	sn-watchdog		Monitoring/health tracking
11252.md	sn-watchdog		Monitoring/health tracking
11253.md	sn-watchdog		Monitoring/health tracking
11254.md	sn-watchdog		Monitoring/health tracking
11255.md	sn-watchdog		Monitoring/health tracking
11256.md	sn-watchdog		Monitoring/health tracking
11257.md	sn-watchdog		Monitoring/health tracking
11258.md	business-organization		Organizational analysis
11259.md	sn-watchdog		Monitoring/health tracking
11260.md	sn-watchdog		Monitoring/health tracking
11261.md	sn-watchdog		Monitoring/health tracking
11262.md	sn-watchdog		Monitoring/health tracking
11263.md	sn-watchdog		Monitoring/health tracking
11264.md	ai-models		AI model discussion
11265.md	ai-models		AI model discussion
11266.md	sn-watchdog		Monitoring/health tracking
11267.md	ai-models		AI model discussion
11268.claimed-by-cartographer-mini	ai-models		AI model discussion
11269.md	ai-agents		AI agents
11270.md	ai-models		AI model discussion
11271.md	sn-watchdog		Monitoring/health tracking
11272.md	sn-watchdog		Monitoring/health tracking
11273.md	sn-watchdog		Monitoring/health tracking
11274.md	sn-watchdog		Monitoring/health tracking
11275.md	sn-watchdog		Monitoring/health tracking
11276.md	ai-models		AI model discussion
11277.md	ai-models		AI model discussion
11278.md	ai-models		AI model discussion
11279.md	sn-watchdog		Monitoring/health tracking
11280.md	sn-watchdog		Monitoring/health tracking
11281.md	sn-watchdog		Monitoring/health tracking
11282.md	sn-watchdog		Monitoring/health tracking
11283.md	sn-watchdog		Monitoring/health tracking
11284.md	sn-watchdog		Monitoring/health tracking
11285.md	sn-watchdog		Monitoring/health tracking
11286.md	sn-watchdog		Monitoring/health tracking
11287.md	sn-watchdog		Monitoring/health tracking
11288.md	sn-watchdog		Monitoring/health tracking
11289.md	sn-watchdog		Monitoring/health tracking
11290.md	sn-watchdog		Monitoring/health tracking
11291.md	sn-watchdog		Monitoring/health tracking
11292.md	sn-watchdog		Monitoring/health tracking
11293.md	sn-watchdog		Monitoring/health tracking
11294.md	sn-watchdog		Monitoring/health tracking
11295.md	sn-watchdog		Monitoring/health tracking
11296.md	sn-watchdog		Monitoring/health tracking
11297.md	sn-watchdog		Monitoring/health tracking
11298.md	sn-watchdog		Monitoring/health tracking
11299.md	sn-watchdog		Monitoring/health tracking
11300.md	sn-watchdog		Monitoring/health tracking
11301.md	sn-watchdog		Monitoring/health tracking
11302.md	sn-watchdog		Monitoring/health tracking
11303.md	sn-watchdog		Monitoring/health tracking
11304.md	sn-watchdog		Monitoring/health tracking
11305.md	sn-watchdog		Monitoring/health tracking
11306.md	sn-watchdog		Monitoring/health tracking
11307.md	sn-watchdog		Monitoring/health tracking
11308.md	sn-watchdog		Monitoring/health tracking
11309.md	sn-watchdog		Monitoring/health tracking
11310.md	sn-watchdog		Monitoring/health tracking
11311.md	sn-watchdog		Monitoring/health tracking
11312.md	sn-watchdog		Monitoring/health tracking
11313.md	sn-watchdog		Monitoring/health tracking
11314.md	sn-watchdog		Monitoring/health tracking
11315.md	sn-watchdog		Monitoring/health tracking
11316.md	sn-watchdog		Monitoring/health tracking
11317.md	sn-other		Markdown document
11318.md	ai-agents		AI agents
11319.md	sn-prompt	ai-agents	Agent system prompt
11320.md	sn-prompt	ai-agents	Agent system prompt
11321.j2	sn-other		Unclassified
11322.md	sn-handoff		Session handoff document
11323.md	sn-architecture	sn-pipeline	DAG state and routing
11324.md	ai-models		AI model discussion
11325.md	design		Design/UX
11326.md	sn-prompt	ai-agents	Agent system prompt
11327.md	ai-models		AI model discussion
11328.md	sn-watchdog		Monitoring/health tracking
11329.md	ai-models		AI model discussion
11330.md	business-organization		Organizational analysis
11331.json	sn-config		JSON configuration/data
11332.yaml	sn-prompt	ai-agents	Agent system prompt
11333.yaml	ai-agents		AI agents
11334.yaml	sn-prompt	ai-agents	Agent system prompt
11335.yaml	sn-prompt	ai-agents	Agent system prompt
11336.md	economics-startups	ai-business	Startup/business analysis
11337.md	ai-agents		AI agents
11338.md	content-creation		Content creation
11339.md	content-creation		Content creation
11340.md	ai-business		Business and products
11341.md	content-creation		Content creation
11342.md	ai-models		AI model discussion
11343.md	ai-models		AI model discussion
11344.md	ai-models		AI model discussion
11345.md	ai-agents		AI agents
11346.md	ai-business		Business and products
11347.md	economics-startups	ai-business	Startup/business analysis
11348.md	content-creation		Content creation
11349.md	economics-startups	ai-business	Startup/business analysis
11350.md	ai-agents		AI agents
11351.md	sn-other		Markdown document
11352.md	infrastructure		Infrastructure/DevOps
11353.md	sn-watchdog		Monitoring/health tracking
11354.md	ai-agents		AI agents
11355.md	ai-agents		AI agents
11356.md	ai-agents		AI agents
11357.md	ai-agents		AI agents
11358.txt	ai-models		AI model discussion
11359.md	ai-models		AI model discussion
11360.md	ai-models		AI model discussion
11361.md	design		Design/UX
11362.md	sn-other		Markdown document
11363.md	ai-agents		AI agents
11364.md	sn-other		Markdown document
11365.md	sn-watchdog		Monitoring/health tracking
11366.md	sn-watchdog		Monitoring/health tracking
11367.md	sn-watchdog		Monitoring/health tracking
11368.md	sn-other		Markdown document
11369.md	sn-other		Markdown document
11370.md	ai-agents		AI agents
11371.md	ai-models		AI model discussion
11372.md	ai-agents		AI agents
11373.md	prompt-engineering	ai-models	Prompt techniques
11374.md	sn-prompt	ai-agents	Agent system prompt
11375.md	sn-watchdog		Monitoring/health tracking
11376.md	sn-other		Markdown document
11377.md	ai-business		Business and products
11378.md	design		Design/UX
11379.md	sn-watchdog		Monitoring/health tracking
11380.md	ai-models		AI model discussion
11381.md	sn-watchdog		Monitoring/health tracking
11382.md	content-creation		Content creation
11383.md	design		Design/UX
11384.yaml	content-creation		Content creation
11385.md	sn-other		Markdown document
11386.md	ai-models		AI model discussion
11387.md	ai-agents		AI agents
11388.md	prompt-engineering	ai-models	Prompt techniques
11389.md	sn-watchdog		Monitoring/health tracking
11390.md	ai-agents		AI agents
11391.md	geopolitics-russia		Russia geopolitics
11392.md	economics-startups	ai-business	Startup/business analysis
11393.csv	ai-agents		AI agents
11394.md	sn-handoff		Session handoff document
11395.py	sn-script		Utility script
11396.json	sn-config		JSON configuration/data
11397.txt	sn-other		Unclassified
11398.heartbeat	sn-watchdog		Monitoring/health tracking
11399.md	sn-prompt	ai-agents	Agent system prompt
11400.md	ai-agents		AI agents
11401.md	business-organization		Organizational analysis
11402.md	economics-startups	ai-business	Startup/business analysis
11403.md	design		Design/UX
11404.sh	sn-script		Utility script
11405.md	sn-watchdog		Monitoring/health tracking
11406.sh	sn-watchdog		Monitoring/health tracking
11407.sh	sn-script		Utility script
11408.sh	sn-prompt	ai-agents	Agent system prompt
11409.py	sn-script		Utility script
11410.sh	sn-script		Utility script
11411.sh	sn-script		Utility script
11412.sh	sn-script		Utility script
11413.sh	sn-script		Utility script
11414.py	sn-script		Utility script
11415.py	sn-script		Utility script
11416.py	sn-script		Utility script
11417.py	sn-script		Utility script
11418.py	sn-script		Utility script
11419.py	sn-script		Utility script
11420.py	sn-script		Utility script
11421.py	sn-script		Utility script
11422.json	ai-models		AI model discussion
11423.py	sn-script		Utility script
11424.py	sn-script		Utility script
11425.mmd	sn-other		Unclassified
11426.py	sn-script		Utility script
11427.heartbeat	design		Design/UX
11428.md	ai-agents		AI agents
11429.sh	sn-handoff		Session handoff document
11430.md	ai-models		AI model discussion
11431.md	ai-business		Business and products
11432.md	sn-watchdog		Monitoring/health tracking
11433.py	sn-script		Utility script
11434.py	sn-script		Utility script
11435.md	ai-business		Business and products
11436.md	design		Design/UX
11437.md	ai-models		AI model discussion
11438.md	sn-watchdog		Monitoring/health tracking
11439.py	sn-script		Utility script
11440.sh	sn-script		Utility script
11441.sh	sn-watchdog		Monitoring/health tracking
11442.plist	software-engineering		Software engineering
11443.plist	software-engineering		Software engineering
11444.plist	ai-models		AI model discussion
11445.plist	ai-models		AI model discussion
11446.plist	ai-models		AI model discussion
11447.plist	design		Design/UX
11448.plist	sn-architecture	sn-pipeline	DAG state and routing
11449.plist	software-engineering		Software engineering
11450.plist	software-engineering		Software engineering
11451.plist	software-engineering		Software engineering
11452.plist	software-engineering		Software engineering
11453.plist	software-engineering		Software engineering
11454.plist	ai-models		AI model discussion
11455.plist	ai-models		AI model discussion
11456.plist	ai-models		AI model discussion
11457.plist	ai-agents		AI agents
11458.plist	software-engineering		Software engineering
11459.plist	software-engineering		Software engineering
11460.plist	software-engineering		Software engineering
11461.plist	software-engineering		Software engineering
11462.plist	software-engineering		Software engineering
11463.plist	software-engineering		Software engineering
11464.plist	sn-watchdog		Monitoring/health tracking
11465.plist	software-engineering		Software engineering
11466.plist	design		Design/UX
11467.heartbeat	design		Design/UX
11468.md	sn-prompt	ai-agents	Agent system prompt
11469.sh	sn-prompt	ai-agents	Agent system prompt
11470.sh	sn-script		Utility script
11471.jpeg	sn-other		Unclassified
11472.json	sn-config		JSON configuration/data
11473.py	sn-script		Utility script
11474.sh	sn-script		Utility script
11475.sh	sn-watchdog		Monitoring/health tracking
11476.sh	sn-script		Utility script
11477.sh	sn-script		Utility script
11478.sh	sn-watchdog		Monitoring/health tracking
11479.jpeg	sn-other		Unclassified
11480.md	sn-prompt	ai-agents	Agent system prompt
11481.sh	sn-script		Utility script
11482.py	sn-watchdog		Monitoring/health tracking
11483.sh	sn-script		Utility script
11484.sh	sn-script		Utility script
11485.py	sn-script		Utility script
11486.py	sn-script		Utility script
11487.yaml	sn-other		Unclassified
11488.py	sn-watchdog		Monitoring/health tracking
11489.md	design		Design/UX
11490.sh	sn-script		Utility script
11491.sh	sn-script		Utility script
11492.md	biology-neuroscience		Neuroscience
11493.sh	sn-script		Utility script
11494.sh	sn-script		Utility script
11495.py	sn-script		Utility script
11496.sh	sn-script		Utility script
11497.md	ai-business		Business and products
11498.md	sn-prompt	ai-agents	Agent system prompt
11499.txt	ai-models		AI model discussion
11500.md	sn-prompt	ai-agents	Agent system prompt
11501.py	sn-script		Utility script
11502.md	sn-watchdog		Monitoring/health tracking
11503.md	ai-business		Business and products
11504.py	sn-script		Utility script
11505.md	ai-agents		AI agents
11506.md	ai-business		Business and products
11507.md	sn-watchdog		Monitoring/health tracking
11508.sh	sn-script		Utility script
11509.md	ai-business		Business and products
11510.md	design		Design/UX
11511.md	sn-watchdog		Monitoring/health tracking
11512.md	sn-handoff		Session handoff document
11513.yaml	sn-other		Unclassified
11514.md	prompt-engineering	ai-models	Prompt techniques
11515.sh	sn-script		Utility script
11516.md	sn-other		Markdown document
11517.log	sn-watchdog		Log file
11518.log	sn-other		Binary or unreadable
11519.py	sn-script		Utility script
11520.sh	sn-script		Utility script
11521.py	sn-script		Utility script
11522.md	design		Design/UX
11523.py	sn-script		Utility script
11524.sh	sn-script		Utility script
11525.md	sn-other		Markdown document
11526.applescript	design		Design/UX
11527.sh	sn-script		Utility script
11528.sh	sn-script		Utility script
11529.yaml	ai-models		AI model discussion
11530.md	sn-watchdog		Monitoring/health tracking
11531.db	sn-other		Unclassified
11532.py	sn-script		Utility script
11533.py	sn-watchdog		Monitoring/health tracking
11534.sh	sn-watchdog		Monitoring/health tracking
11535.sh	sn-script		Utility script
11536.md	ai-business		Business and products
11537.md	sn-prompt	ai-agents	Agent system prompt
11538.md	sn-other		Markdown document
11539.sh	sn-script		Utility script
11540.sh	sn-script		Utility script
11541.sh	sn-script		Utility script
11542.py	sn-script		Utility script
11543.md	prompt-engineering	ai-models	Prompt techniques
11544.py	sn-script		Utility script
11545.py	sn-script		Utility script
11546.py	sn-script		Utility script
11547.md	biology-evolution		Evolution/biology
11548.sh	sn-script		Utility script
11549.py	sn-script		Utility script
11550.md	sn-watchdog		Monitoring/health tracking
11551.md	sn-watchdog		Monitoring/health tracking
11552.py	sn-script		Utility script
11553.db-shm	sn-other		Unclassified
11554.db-wal	sn-other		Binary or unreadable
11555.db-shm	sn-other		Unclassified
11556.db-wal	sn-other		Binary or unreadable
11557.db-shm	sn-other		Unclassified
11558.db-wal	sn-other		Binary or unreadable
11559.md	ai-models		AI model discussion
11560.md	sn-prompt	ai-agents	Agent system prompt
11561.breaker	sn-other		Unclassified
11562.jsonl	sn-other		Binary or unreadable
11563.md	ai-business		Business and products
11564.md	history		Historical analysis
11565.py	sn-watchdog		Monitoring/health tracking
11566.md	design		Design/UX
11567.md	ai-agents		AI agents
11568.json	sn-prompt	ai-agents	Agent system prompt
11569.md	ai-business		Business and products
11570.sh	sn-script		Utility script
11571.sh	sn-script		Utility script
11572.md	sn-handoff		Session handoff document
11573.sh	sn-watchdog		Monitoring/health tracking
11574.md	design		Design/UX
11575.py	sn-script		Utility script
11576.py	sn-script		Utility script
11577.sh	sn-watchdog		Monitoring/health tracking
11578.heartbeat	design		Design/UX
11579.md	ai-agents		AI agents
11580.sh	sn-script		Utility script
11581.sh	sn-script		Utility script
11582.sh	sn-script		Utility script
11583.py	sn-script		Utility script
11584.sh	sn-script		Utility script
11585.md	prompt-engineering	ai-models	Prompt techniques
11586.yaml	sn-other		Unclassified
11587.sh	sn-script		Utility script
11588.sh	sn-script		Utility script
11589.sh	sn-watchdog		Monitoring/health tracking
11590.sh	sn-script		Utility script
11591.sh	sn-prompt	ai-agents	Agent system prompt
11592.md	ai-agents		AI agents
11593.sh	sn-script		Utility script
11594.sh	sn-script		Utility script
11595.sh	sn-script		Utility script
11596.sh	sn-script		Utility script
11597.md	sn-other		Markdown document
11598.sh	sn-script		Utility script
11599.py	sn-architecture	sn-pipeline	DAG state and routing
11600.sh	sn-script		Utility script
11601.sh	sn-watchdog		Monitoring/health tracking
11602.py	sn-script		Utility script
11603.py	sn-script		Utility script
11604.py	sn-script		Utility script
11605.py	sn-script		Utility script
11606.py	sn-script		Utility script
11607.yaml	sn-other		Unclassified
11608.py	sn-script		Utility script
11609.py	sn-script		Utility script
11610.py	sn-script		Utility script
11611.py	sn-script		Utility script
11612.py	sn-script		Utility script
11613.py	sn-script		Utility script
11614.py	sn-script		Utility script
11615.yaml	sn-config		Configuration file
11616.md	sn-watchdog		Monitoring/health tracking
11617.md	design		Design/UX
11618.json	design		Design/UX
11619.jpeg	sn-other		Unclassified
11620.py	sn-script		Utility script
11621.md	ai-models		AI model discussion
11622.md	ai-models		AI model discussion
11623.md	ai-agents		AI agents
11624.md	sn-watchdog		Monitoring/health tracking
11625.md	prompt-engineering	ai-models	Prompt techniques
11626.md	ai-business		Business and products
11627.md	ai-business		Business and products
11628.md	prompt-engineering	ai-models	Prompt techniques
11629.md	ai-agents		AI agents
11630.md	ai-agents		AI agents
11631.md	ai-models		AI model discussion
11632.md	ai-models		AI model discussion
11633.md	ai-business		Business and products
11634.md	ai-models		AI model discussion
11635.md	ai-business		Business and products
11636.md	ai-models		AI model discussion
11637.md	ai-agents		AI agents
11638.md	ai-models		AI model discussion
11639.md	sn-prompt	ai-agents	Agent system prompt
11640.md	ai-business		Business and products
11641.py	sn-script		Utility script
11642.md	ai-business		Business and products
11643.py	sn-script		Utility script
11644.sh	sn-script		Utility script
11645.md	economics-investing		Investment analysis
11646.md	ai-business		Business and products
11647.md	design		Design/UX
11648.json	sn-config		JSON configuration/data
11649.md	ai-agents		AI agents
11650.md	sn-other		Markdown document
11651.sh	sn-script		Utility script
11652.md	sn-prompt	ai-agents	Agent system prompt
11653.sh	sn-script		Utility script
11654.py	sn-script		Utility script
11655.py	sn-script		Utility script
11656.sh	sn-watchdog		Monitoring/health tracking
11657.md	ai-business		Business and products
11658.sh	sn-script		Utility script
11659.sh	sn-script		Utility script
11660.sh	sn-script		Utility script
11661.sh	sn-script		Utility script
11662.sh	sn-watchdog		Monitoring/health tracking
11663.py	sn-script		Utility script
11664.sh	sn-script		Utility script
11665.py	sn-script		Utility script
11666.py	sn-script		Utility script
11667.plist	sn-architecture	sn-pipeline	DAG state and routing
11668.plist	software-engineering		Software engineering
11669.plist	software-engineering		Software engineering
11670.plist	software-engineering		Software engineering
11671.plist	software-engineering		Software engineering
11672.plist	ai-agents		AI agents
11673.plist	software-engineering		Software engineering
11674.plist	design		Design/UX
11675.md	sn-other		Markdown document
11677.md	ai-agents		AI agents
11678.md	ai-models		AI model discussion
11679.yml	sn-other		Unclassified
11680.yml	sn-other		Unclassified
11681.json	sn-config		JSON configuration/data
11682.json	sn-config		JSON configuration/data
11683.json	sn-config		JSON configuration/data
11684.json	sn-config		JSON configuration/data
11685.json	sn-config		JSON configuration/data
11686.md	sn-handoff		Session handoff document
11687.md	sn-prompt	ai-agents	Agent system prompt
11688.md	sn-handoff		Session handoff document
11689.md	sn-handoff		Session handoff document
11690.md	sn-handoff		Session handoff document
11691.md	sn-handoff		Session handoff document
11692.md	sn-handoff		Session handoff document
11693.md	ai-models		AI model discussion
11694.py	sn-script		Utility script
11695.py	sn-script		Utility script
11696.py	sn-script		Utility script
11697.py	sn-script		Utility script
11698.py	sn-script		Utility script
11699.py	sn-script		Utility script
11700.sh	sn-script		Utility script
11701.py	sn-script		Utility script
11702.sh	sn-script		Utility script
11703.sh	sn-script		Utility script
11704.log	sn-watchdog		Log file
11705.log	sn-other		Binary or unreadable
demoted/CANON-30410-COGNITIVE_ARCHITECTURE-asteroid-INTELLIGENCE.md	sn-architecture		Architecture specification
demoted/CANON-30420-MULTI_AGENT_ORCHESTRATION-asteroid-INTELLIGENCE.md	sn-canon	sn-certescence	Canonicalized content
demoted/CANON-30430-MEMORY_SYSTEMS-asteroid-INTELLIGENCE.md	sn-canon	sn-certescence	Canonicalized content
demoted/CANON-30440-SAFETY_ALIGNMENT-asteroid-INTELLIGENCE.md	sn-canon	sn-certescence	Canonicalized content
demoted/CANON-30450-PRODUCTION_FRAMEWORKS-asteroid-INTELLIGENCE.md	sn-canon	sn-certescence	Canonicalized content
demoted/CANON-31150-PLATFORM_CAPABILITY_CATALOG.md	sn-canon	sn-certescence	Canonicalized content
demoted/CANON-33111-BIZ_ENHANCE-satellite-BIZ_BACKBONE-lunar-EFFICACY-planetary-EXPERTISE.md	sn-canon	sn-certescence	Canonicalized content
demoted/CANON-34120-SYLLABUS-lunar-MASTERY-planetary-KNOWLEDGE.md	sn-canon	sn-certescence	Canonicalized content
sn_compressed/CANON-00000.sn.md	sn-canon	sn-certescence	Canonicalized content
sn_compressed/CANON-00001.sn.md	sn-canon	sn-certescence	Canonicalized content
sn_compressed/CANON-00002.sn.md	sn-canon	sn-certescence	Canonicalized content
sn_compressed/CANON-00003.sn.md	sn-canon	sn-certescence	Canonicalized content
sn_compressed/CANON-00004.sn.md	sn-canon	sn-certescence	Canonicalized content
sn_compressed/CANON-00005.sn.md	sn-canon	sn-certescence	Canonicalized content
sn_compressed/CANON-00006.sn.md	sn-canon	sn-certescence	Canonicalized content
sn_compressed/CANON-00007.sn.md	sn-canon	sn-certescence	Canonicalized content
sn_compressed/CANON-00009.sn.md	sn-canon	sn-certescence	Canonicalized content
sn_compressed/CANON-00010.sn.md	sn-canon	sn-certescence	Canonicalized content
sn_compressed/CANON-00011.sn.md	sn-canon	sn-certescence	Canonicalized content
sn_compressed/CANON-00012.sn.md	sn-canon	sn-certescence	Canonicalized content
sn_compressed/CANON-00013.sn.md	sn-canon	sn-certescence	Canonicalized content
sn_compressed/CANON-00014.sn.md	sn-canon	sn-certescence	Canonicalized content
sn_compressed/CANON-00015.sn.md	sn-canon	sn-certescence	Canonicalized content
sn_compressed/CANON-00016.sn.md	sn-canon	sn-certescence	Canonicalized content
sn_compressed/CANON-00017.sn.md	sn-canon	sn-certescence	Canonicalized content
sn_compressed/CANON-10000.sn.md	sn-canon	sn-certescence	Canonicalized content
sn_compressed/CANON-11000.sn.md	sn-canon	sn-certescence	Canonicalized content
sn_compressed/CANON-20000.sn.md	sn-canon	sn-certescence	Canonicalized content
sn_compressed/CANON-20010.sn.md	sn-canon	sn-certescence	Canonicalized content
sn_compressed/CANON-20020.sn.md	sn-canon	sn-certescence	Canonicalized content
sn_compressed/CANON-21000.sn.md	sn-canon	sn-certescence	Canonicalized content
sn_compressed/CANON-21100.sn.md	sn-canon	sn-certescence	Canonicalized content
sn_compressed/CANON-22000.sn.md	sn-canon	sn-certescence	Canonicalized content
sn_compressed/CANON-23000.sn.md	sn-canon	sn-certescence	Canonicalized content
sn_compressed/CANON-24000.sn.md	sn-canon	sn-certescence	Canonicalized content
sn_compressed/CANON-25000.sn.md	sn-canon	sn-certescence	Canonicalized content
sn_compressed/CANON-25100.sn.md	sn-canon	sn-certescence	Canonicalized content
sn_compressed/CANON-25200.sn.md	sn-canon	sn-certescence	Canonicalized content
sn_compressed/CANON-25500.sn.md	sn-canon	sn-certescence	Canonicalized content
sn_compressed/CANON-25600.sn.md	sn-canon	sn-certescence	Canonicalized content
sn_compressed/CANON-25610.sn.md	sn-prompt	ai-agents	Agent system prompt
sn_compressed/CANON-30000.sn.md	sn-canon	sn-certescence	Canonicalized content
sn_compressed/CANON-30100.sn.md	sn-canon	sn-certescence	Canonicalized content
sn_compressed/CANON-30200.sn.md	sn-canon	sn-certescence	Canonicalized content
sn_compressed/CANON-30300.sn.md	sn-canon	sn-certescence	Canonicalized content
sn_compressed/CANON-30310.sn.md	sn-canon	sn-certescence	Canonicalized content
sn_compressed/CANON-30320.sn.md	sn-canon	sn-certescence	Canonicalized content
sn_compressed/CANON-30330.sn.md	sn-canon	sn-certescence	Canonicalized content
sn_compressed/CANON-30340.sn.md	sn-canon	sn-certescence	Canonicalized content
sn_compressed/CANON-30400.sn.md	sn-canon	sn-certescence	Canonicalized content
sn_compressed/CANON-30460.sn.md	sn-canon	sn-certescence	Canonicalized content
sn_compressed/CANON-31000.sn.md	sn-canon	sn-certescence	Canonicalized content
sn_compressed/CANON-31100.sn.md	sn-canon	sn-certescence	Canonicalized content
sn_compressed/CANON-31110.sn.md	sn-canon	sn-certescence	Canonicalized content
sn_compressed/CANON-31115.sn.md	sn-canon	sn-certescence	Canonicalized content
sn_compressed/CANON-31120.sn.md	sn-canon	sn-certescence	Canonicalized content
sn_compressed/CANON-31121.sn.md	sn-canon	sn-certescence	Canonicalized content
sn_compressed/CANON-31122.sn.md	sn-canon	sn-certescence	Canonicalized content
sn_compressed/CANON-31130.sn.md	sn-canon	sn-certescence	Canonicalized content
sn_compressed/CANON-31140.sn.md	sn-canon	sn-certescence	Canonicalized content
sn_compressed/CANON-31141.sn.md	sn-canon	sn-certescence	Canonicalized content
sn_compressed/CANON-33100.sn.md	sn-canon	sn-certescence	Canonicalized content
sn_compressed/CANON-34100.sn.md	sn-canon	sn-certescence	Canonicalized content
sn_compressed/CANON-35200.sn.md	sn-canon	sn-certescence	Canonicalized content
sn_compressed/CANON-35210.sn.md	sn-canon	sn-certescence	Canonicalized content
sn_compressed/POC-MANIFEST.json	ai-models		AI model discussion
sn_skeletons/CANON-00000.sn.md	sn-canon	sn-certescence	Canonicalized content
sn_skeletons/CANON-00001.sn.md	sn-canon	sn-certescence	Canonicalized content
sn_skeletons/CANON-00002.sn.md	sn-canon	sn-certescence	Canonicalized content
sn_skeletons/CANON-00003.sn.md	sn-canon	sn-certescence	Canonicalized content
sn_skeletons/CANON-00004.sn.md	sn-canon	sn-certescence	Canonicalized content
sn_skeletons/CANON-00005.sn.md	sn-canon	sn-certescence	Canonicalized content
sn_skeletons/CANON-00006.sn.md	sn-canon	sn-certescence	Canonicalized content
sn_skeletons/CANON-00007.sn.md	sn-canon	sn-certescence	Canonicalized content
sn_skeletons/CANON-00009.sn.md	sn-canon	sn-certescence	Canonicalized content
sn_skeletons/CANON-00010.sn.md	sn-canon	sn-certescence	Canonicalized content
sn_skeletons/CANON-00011.sn.md	sn-canon	sn-certescence	Canonicalized content
sn_skeletons/CANON-00012.sn.md	sn-canon	sn-certescence	Canonicalized content
sn_skeletons/CANON-00013.sn.md	sn-canon	sn-certescence	Canonicalized content
sn_skeletons/CANON-00014.sn.md	sn-canon	sn-certescence	Canonicalized content
sn_skeletons/CANON-00015.sn.md	sn-canon	sn-certescence	Canonicalized content
sn_skeletons/CANON-00016.sn.md	sn-canon	sn-certescence	Canonicalized content
sn_skeletons/CANON-00017.sn.md	sn-canon	sn-certescence	Canonicalized content
sn_skeletons/CANON-10000.sn.md	sn-canon	sn-certescence	Canonicalized content
sn_skeletons/CANON-11000.sn.md	sn-canon	sn-certescence	Canonicalized content
sn_skeletons/CANON-20000.sn.md	sn-canon	sn-certescence	Canonicalized content
sn_skeletons/CANON-20010.sn.md	sn-canon	sn-certescence	Canonicalized content
sn_skeletons/CANON-20020.sn.md	sn-canon	sn-certescence	Canonicalized content
sn_skeletons/CANON-21000.sn.md	sn-canon	sn-certescence	Canonicalized content
sn_skeletons/CANON-21100.sn.md	sn-canon	sn-certescence	Canonicalized content
sn_skeletons/CANON-22000.sn.md	sn-canon	sn-certescence	Canonicalized content
sn_skeletons/CANON-23000.sn.md	sn-canon	sn-certescence	Canonicalized content
sn_skeletons/CANON-24000.sn.md	sn-canon	sn-certescence	Canonicalized content
sn_skeletons/CANON-25000.sn.md	sn-canon	sn-certescence	Canonicalized content
sn_skeletons/CANON-25100.sn.md	sn-canon	sn-certescence	Canonicalized content
sn_skeletons/CANON-25200.sn.md	sn-canon	sn-certescence	Canonicalized content
sn_skeletons/CANON-25500.sn.md	sn-canon	sn-certescence	Canonicalized content
sn_skeletons/CANON-25600.sn.md	sn-canon	sn-certescence	Canonicalized content
sn_skeletons/CANON-25610.sn.md	sn-prompt	ai-agents	Agent system prompt
sn_skeletons/CANON-30000.sn.md	sn-canon	sn-certescence	Canonicalized content
sn_skeletons/CANON-30100.sn.md	sn-canon	sn-certescence	Canonicalized content
sn_skeletons/CANON-30200.sn.md	sn-canon	sn-certescence	Canonicalized content
sn_skeletons/CANON-30300.sn.md	sn-canon	sn-certescence	Canonicalized content
sn_skeletons/CANON-30310.sn.md	sn-canon	sn-certescence	Canonicalized content
sn_skeletons/CANON-30320.sn.md	sn-canon	sn-certescence	Canonicalized content
sn_skeletons/CANON-30330.sn.md	sn-canon	sn-certescence	Canonicalized content
sn_skeletons/CANON-30340.sn.md	sn-canon	sn-certescence	Canonicalized content
sn_skeletons/CANON-30400.sn.md	sn-canon	sn-certescence	Canonicalized content
sn_skeletons/CANON-30460.sn.md	sn-canon	sn-certescence	Canonicalized content
sn_skeletons/CANON-31000.sn.md	sn-canon	sn-certescence	Canonicalized content
sn_skeletons/CANON-31100.sn.md	sn-canon	sn-certescence	Canonicalized content
sn_skeletons/CANON-31110.sn.md	sn-canon	sn-certescence	Canonicalized content
sn_skeletons/CANON-31115.sn.md	sn-canon	sn-certescence	Canonicalized content
sn_skeletons/CANON-31120.sn.md	sn-canon	sn-certescence	Canonicalized content
sn_skeletons/CANON-31121.sn.md	sn-canon	sn-certescence	Canonicalized content
sn_skeletons/CANON-31122.sn.md	sn-canon	sn-certescence	Canonicalized content
sn_skeletons/CANON-31130.sn.md	sn-canon	sn-certescence	Canonicalized content
sn_skeletons/CANON-31140.sn.md	sn-canon	sn-certescence	Canonicalized content
sn_skeletons/CANON-31141.sn.md	sn-canon	sn-certescence	Canonicalized content
sn_skeletons/CANON-31142.sn.md	sn-canon	sn-certescence	Canonicalized content
sn_skeletons/CANON-31143.sn.md	sn-canon	sn-certescence	Canonicalized content
sn_skeletons/CANON-32000.sn.md	sn-canon	sn-certescence	Canonicalized content
sn_skeletons/CANON-32100.sn.md	sn-canon	sn-certescence	Canonicalized content
sn_skeletons/CANON-32110.sn.md	sn-canon	sn-certescence	Canonicalized content
sn_skeletons/CANON-32120.sn.md	sn-canon	sn-certescence	Canonicalized content
sn_skeletons/CANON-33000.sn.md	sn-canon	sn-certescence	Canonicalized content
sn_skeletons/CANON-33100.sn.md	sn-canon	sn-certescence	Canonicalized content
sn_skeletons/CANON-33110.sn.md	sn-canon	sn-certescence	Canonicalized content
sn_skeletons/CANON-33112.sn.md	sn-canon	sn-certescence	Canonicalized content
sn_skeletons/CANON-34000.sn.md	sn-canon	sn-certescence	Canonicalized content
sn_skeletons/CANON-34100.sn.md	sn-canon	sn-certescence	Canonicalized content
sn_skeletons/CANON-34110.sn.md	sn-canon	sn-certescence	Canonicalized content
sn_skeletons/CANON-35000.sn.md	sn-canon	sn-certescence	Canonicalized content
sn_skeletons/CANON-35100.sn.md	sn-canon	sn-certescence	Canonicalized content
sn_skeletons/CANON-35110.sn.md	sn-canon	sn-certescence	Canonicalized content
sn_skeletons/CANON-35120.sn.md	sn-canon	sn-certescence	Canonicalized content
sn_skeletons/CANON-35121.sn.md	sn-canon	sn-certescence	Canonicalized content
sn_skeletons/CANON-35200.sn.md	sn-canon	sn-certescence	Canonicalized content
sn_skeletons/CANON-35210.sn.md	sn-canon	sn-certescence	Canonicalized content
sn_skeletons/CANON-99000.sn.md	sn-canon	sn-certescence	Canonicalized content
sn_skeletons/CANON-APOPTOSIS-PROTOCOL.sn.md	sn-canon	sn-certescence	Canonicalized content
sn_skeletons/CANON-ONTOLOGY-GATE-V1.sn.md	sn-canon	sn-certescence	Canonicalized content
sn_skeletons/CANON-ONTOLOGY-GATE-V2.sn.md	sn-canon	sn-certescence	Canonicalized content
sn_skeletons/CANON-RETIREMENT-PROTOCOL.sn.md	sn-canon	sn-certescence	Canonicalized content
views/CANON-CONFIG.json	sn-canon	sn-certescence	Canonicalized content
views/CANON-GRAPH.mmd	sn-canon	sn-certescence	Canonicalized content
views/CANON-LEDGER.md	sn-canon	sn-certescence	Canonicalized content
views/CANON-SCRIPTURE.md	sn-canon	sn-certescence	Canonicalized content
