filename	refined_topic	summary
00021.md	agents-research	Academic research papers on agents
00088.md	agents-deployment	Agent deployment or production scaling
00109.md	agents-other	Unclassified agent-related content
00164.md	agents-deployment	Agent deployment or production scaling
00176.md	agents-research	Academic research papers on agents
00284	agents-research	Academic research papers on agents
00455.yaml	agents-evaluation	Agent evaluation, benchmarking, or testing
00465.md	agents-other	Unclassified agent-related content
00545.md	agents-multi-agent	Multi-agent coordination, swarms, or orchestration
00744.md	agents-deployment	Agent deployment or production scaling
00748.md	agents-coding	AI coding agents or code generation
00750.md	agents-multi-agent	Multi-agent coordination, swarms, or orchestration
00800.yaml	agents-evaluation	Agent evaluation, benchmarking, or testing
00822.md	agents-deployment	Agent deployment or production scaling
00827.md	agents-multi-agent	Multi-agent coordination, swarms, or orchestration
01032	agents-frameworks	Agent frameworks or libraries (LangChain, CrewAI, AutoGen, etc)
01035.log	agents-frameworks	Agent frameworks or libraries (LangChain, CrewAI, AutoGen, etc)
01116.md	agents-research	Academic research papers on agents
01414.jsonl	agents-other	Unclassified agent-related content
01415.jsonl	agents-other	Unclassified agent-related content
01450.jsonl	agents-frameworks	Agent frameworks or libraries (LangChain, CrewAI, AutoGen, etc)
01451.jsonl	agents-frameworks	Agent frameworks or libraries (LangChain, CrewAI, AutoGen, etc)
01452.md	agents-frameworks	Agent frameworks or libraries (LangChain, CrewAI, AutoGen, etc)
01480.jsonl	agents-other	Unclassified agent-related content
01481.jsonl	agents-other	Unclassified agent-related content
01620.md	agents-research	Academic research papers on agents
01644.md	agents-research	Academic research papers on agents
02071.jsonl	agents-architecture	Agent design patterns or architectural approaches
02072.jsonl	agents-frameworks	Agent frameworks or libraries (LangChain, CrewAI, AutoGen, etc)
02107.jsonl	agents-other	Unclassified agent-related content
02108.jsonl	agents-other	Unclassified agent-related content
02139.md	agents-coding	AI coding agents or code generation
02161.jsonl	agents-tool-use	Tool use, function calling, or MCP implementation
02162.jsonl	agents-tool-use	Tool use, function calling, or MCP implementation
02229.md	agents-architecture	Agent design patterns or architectural approaches
02376.md	agents-deployment	Agent deployment or production scaling
02388.md	agents-architecture	Agent design patterns or architectural approaches
02449.jsonl	agents-architecture	Agent design patterns or architectural approaches
02450.jsonl	agents-frameworks	Agent frameworks or libraries (LangChain, CrewAI, AutoGen, etc)
02451.md	agents-frameworks	Agent frameworks or libraries (LangChain, CrewAI, AutoGen, etc)
02517.md	agents-architecture	Agent design patterns or architectural approaches
02778.md	agents-architecture	Agent design patterns or architectural approaches
02788.jsonl	agents-research	Academic research papers on agents
02789.jsonl	agents-research	Academic research papers on agents
02790.md	agents-research	Academic research papers on agents
02938.jsonl	agents-other	Unclassified agent-related content
02939.jsonl	agents-research	Academic research papers on agents
03037.jsonl	agents-other	Unclassified agent-related content
03038.jsonl	agents-other	Unclassified agent-related content
03039.md	agents-architecture	Agent design patterns or architectural approaches
03085.jsonl	agents-multi-agent	Multi-agent coordination, swarms, or orchestration
03086.jsonl	agents-multi-agent	Multi-agent coordination, swarms, or orchestration
03087.md	agents-multi-agent	Multi-agent coordination, swarms, or orchestration
03154.jsonl	agents-frameworks	Agent frameworks or libraries (LangChain, CrewAI, AutoGen, etc)
03155.jsonl	agents-frameworks	Agent frameworks or libraries (LangChain, CrewAI, AutoGen, etc)
03156.md	agents-frameworks	Agent frameworks or libraries (LangChain, CrewAI, AutoGen, etc)
03432.md	agents-research	Academic research papers on agents
03474.md	agents-deployment	Agent deployment or production scaling
03580.jsonl	agents-multi-agent	Multi-agent coordination, swarms, or orchestration
03581.jsonl	agents-research	Academic research papers on agents
03582.md	agents-research	Academic research papers on agents
03660.md	agents-frameworks	Agent frameworks or libraries (LangChain, CrewAI, AutoGen, etc)
03675.md	agents-architecture	Agent design patterns or architectural approaches
03747.md	agents-multi-agent	Multi-agent coordination, swarms, or orchestration
03817.jsonl	agents-memory	Agent memory systems or context management
03818.jsonl	agents-memory	Agent memory systems or context management
03954.md	agents-research	Academic research papers on agents
04042.jsonl	agents-tool-use	Tool use, function calling, or MCP implementation
04043.jsonl	agents-tool-use	Tool use, function calling, or MCP implementation
04044.md	agents-tool-use	Tool use, function calling, or MCP implementation
04051.jsonl	agents-other	Unclassified agent-related content
04052.jsonl	agents-research	Academic research papers on agents
04053.md	agents-research	Academic research papers on agents
04063.jsonl	agents-multi-agent	Multi-agent coordination, swarms, or orchestration
04064.jsonl	agents-multi-agent	Multi-agent coordination, swarms, or orchestration
04065.md	agents-multi-agent	Multi-agent coordination, swarms, or orchestration
04084.jsonl	agents-memory	Agent memory systems or context management
04085.jsonl	agents-memory	Agent memory systems or context management
04086.md	agents-frameworks	Agent frameworks or libraries (LangChain, CrewAI, AutoGen, etc)
04093.jsonl	agents-research	Academic research papers on agents
04094.jsonl	agents-research	Academic research papers on agents
04095.md	agents-research	Academic research papers on agents
04099.jsonl	agents-multi-agent	Multi-agent coordination, swarms, or orchestration
04100.jsonl	agents-multi-agent	Multi-agent coordination, swarms, or orchestration
04101.md	agents-multi-agent	Multi-agent coordination, swarms, or orchestration
04102.jsonl	agents-autonomy	Agent autonomy levels or human-in-the-loop systems
04103.jsonl	agents-autonomy	Agent autonomy levels or human-in-the-loop systems
04104.md	agents-autonomy	Agent autonomy levels or human-in-the-loop systems
04111.jsonl	agents-frameworks	Agent frameworks or libraries (LangChain, CrewAI, AutoGen, etc)
04112.jsonl	agents-frameworks	Agent frameworks or libraries (LangChain, CrewAI, AutoGen, etc)
04113.md	agents-frameworks	Agent frameworks or libraries (LangChain, CrewAI, AutoGen, etc)
04114.jsonl	agents-other	Unclassified agent-related content
04115.jsonl	agents-research	Academic research papers on agents
04116.md	agents-research	Academic research papers on agents
04126.jsonl	agents-other	Unclassified agent-related content
04127.jsonl	agents-frameworks	Agent frameworks or libraries (LangChain, CrewAI, AutoGen, etc)
04128.md	agents-frameworks	Agent frameworks or libraries (LangChain, CrewAI, AutoGen, etc)
04132.jsonl	agents-multi-agent	Multi-agent coordination, swarms, or orchestration
04133.jsonl	agents-multi-agent	Multi-agent coordination, swarms, or orchestration
04134.md	agents-multi-agent	Multi-agent coordination, swarms, or orchestration
04150.jsonl	agents-other	Unclassified agent-related content
04151.jsonl	agents-research	Academic research papers on agents
04152.md	agents-research	Academic research papers on agents
04162.jsonl	agents-frameworks	Agent frameworks or libraries (LangChain, CrewAI, AutoGen, etc)
04163.jsonl	agents-frameworks	Agent frameworks or libraries (LangChain, CrewAI, AutoGen, etc)
04164.md	agents-frameworks	Agent frameworks or libraries (LangChain, CrewAI, AutoGen, etc)
04201.jsonl	agents-research	Academic research papers on agents
04202.jsonl	agents-research	Academic research papers on agents
04203.md	agents-research	Academic research papers on agents
04231.jsonl	agents-other	Unclassified agent-related content
04232.jsonl	agents-other	Unclassified agent-related content
04233.md	agents-frameworks	Agent frameworks or libraries (LangChain, CrewAI, AutoGen, etc)
04273.jsonl	agents-multi-agent	Multi-agent coordination, swarms, or orchestration
04274.jsonl	agents-multi-agent	Multi-agent coordination, swarms, or orchestration
04275.md	agents-frameworks	Agent frameworks or libraries (LangChain, CrewAI, AutoGen, etc)
04288.jsonl	agents-multi-agent	Multi-agent coordination, swarms, or orchestration
04289.jsonl	agents-multi-agent	Multi-agent coordination, swarms, or orchestration
04290.md	agents-multi-agent	Multi-agent coordination, swarms, or orchestration
04294.jsonl	agents-other	Unclassified agent-related content
04295.jsonl	agents-frameworks	Agent frameworks or libraries (LangChain, CrewAI, AutoGen, etc)
04296.md	agents-research	Academic research papers on agents
04303.jsonl	agents-research	Academic research papers on agents
04304.jsonl	agents-research	Academic research papers on agents
04305.md	agents-research	Academic research papers on agents
04315.jsonl	agents-other	Unclassified agent-related content
04316.jsonl	agents-other	Unclassified agent-related content
04317.md	agents-architecture	Agent design patterns or architectural approaches
04318.jsonl	agents-research	Academic research papers on agents
04319.jsonl	agents-research	Academic research papers on agents
04320.md	agents-research	Academic research papers on agents
04363.jsonl	agents-research	Academic research papers on agents
04364.jsonl	agents-research	Academic research papers on agents
04365.md	agents-research	Academic research papers on agents
04369.jsonl	agents-other	Unclassified agent-related content
04370.jsonl	agents-other	Unclassified agent-related content
04371.md	agents-research	Academic research papers on agents
04381.jsonl	agents-research	Academic research papers on agents
04382.jsonl	agents-research	Academic research papers on agents
04383.md	agents-research	Academic research papers on agents
04390.jsonl	agents-other	Unclassified agent-related content
04391.jsonl	agents-research	Academic research papers on agents
04392.md	agents-research	Academic research papers on agents
04396.jsonl	agents-research	Academic research papers on agents
04397.jsonl	agents-research	Academic research papers on agents
04398.md	agents-research	Academic research papers on agents
04405.jsonl	agents-multi-agent	Multi-agent coordination, swarms, or orchestration
04406.jsonl	agents-multi-agent	Multi-agent coordination, swarms, or orchestration
04407.md	agents-frameworks	Agent frameworks or libraries (LangChain, CrewAI, AutoGen, etc)
04417.jsonl	agents-research	Academic research papers on agents
04418.jsonl	agents-research	Academic research papers on agents
04419.md	agents-research	Academic research papers on agents
04429.jsonl	agents-evaluation	Agent evaluation, benchmarking, or testing
04430.jsonl	agents-research	Academic research papers on agents
04431.md	agents-research	Academic research papers on agents
04450.jsonl	agents-coding	AI coding agents or code generation
04451.jsonl	agents-frameworks	Agent frameworks or libraries (LangChain, CrewAI, AutoGen, etc)
04452.md	agents-frameworks	Agent frameworks or libraries (LangChain, CrewAI, AutoGen, etc)
04453.jsonl	agents-research	Academic research papers on agents
04454.jsonl	agents-research	Academic research papers on agents
04455.md	agents-research	Academic research papers on agents
04465.jsonl	agents-other	Unclassified agent-related content
04466.jsonl	agents-multi-agent	Multi-agent coordination, swarms, or orchestration
04467.md	agents-multi-agent	Multi-agent coordination, swarms, or orchestration
04649.jsonl	agents-other	Unclassified agent-related content
04650.jsonl	agents-research	Academic research papers on agents
04651.md	agents-research	Academic research papers on agents
04688.jsonl	agents-frameworks	Agent frameworks or libraries (LangChain, CrewAI, AutoGen, etc)
04689.jsonl	agents-multi-agent	Multi-agent coordination, swarms, or orchestration
04690.md	agents-research	Academic research papers on agents
04856.jsonl	agents-other	Unclassified agent-related content
04857.jsonl	agents-architecture	Agent design patterns or architectural approaches
04858.md	agents-architecture	Agent design patterns or architectural approaches
04910.jsonl	agents-frameworks	Agent frameworks or libraries (LangChain, CrewAI, AutoGen, etc)
04911.jsonl	agents-frameworks	Agent frameworks or libraries (LangChain, CrewAI, AutoGen, etc)
04912.md	agents-frameworks	Agent frameworks or libraries (LangChain, CrewAI, AutoGen, etc)
04952.jsonl	agents-multi-agent	Multi-agent coordination, swarms, or orchestration
04953.jsonl	agents-multi-agent	Multi-agent coordination, swarms, or orchestration
04954.md	agents-multi-agent	Multi-agent coordination, swarms, or orchestration
05024.jsonl	agents-frameworks	Agent frameworks or libraries (LangChain, CrewAI, AutoGen, etc)
05025.jsonl	agents-frameworks	Agent frameworks or libraries (LangChain, CrewAI, AutoGen, etc)
05026.md	agents-frameworks	Agent frameworks or libraries (LangChain, CrewAI, AutoGen, etc)
05045.jsonl	agents-other	Unclassified agent-related content
05046.jsonl	agents-other	Unclassified agent-related content
05047.md	agents-architecture	Agent design patterns or architectural approaches
05081.jsonl	agents-other	Unclassified agent-related content
05082.jsonl	agents-other	Unclassified agent-related content
05083.md	agents-architecture	Agent design patterns or architectural approaches
05165.jsonl	agents-other	Unclassified agent-related content
05166.jsonl	agents-other	Unclassified agent-related content
05167.md	agents-architecture	Agent design patterns or architectural approaches
05192.jsonl	agents-other	Unclassified agent-related content
05193.jsonl	agents-research	Academic research papers on agents
05194.md	agents-research	Academic research papers on agents
05330.jsonl	agents-other	Unclassified agent-related content
05331.jsonl	agents-research	Academic research papers on agents
05332.md	agents-research	Academic research papers on agents
05345.jsonl	agents-frameworks	Agent frameworks or libraries (LangChain, CrewAI, AutoGen, etc)
05346.jsonl	agents-research	Academic research papers on agents
05347.md	agents-research	Academic research papers on agents
05369.jsonl	agents-other	Unclassified agent-related content
05370.jsonl	agents-other	Unclassified agent-related content
05371.md	agents-architecture	Agent design patterns or architectural approaches
05378.jsonl	agents-research	Academic research papers on agents
05379.jsonl	agents-research	Academic research papers on agents
05380.md	agents-research	Academic research papers on agents
05387.jsonl	agents-other	Unclassified agent-related content
05388.jsonl	agents-deployment	Agent deployment or production scaling
05389.md	agents-deployment	Agent deployment or production scaling
05465.jsonl	agents-other	Unclassified agent-related content
05466.jsonl	agents-other	Unclassified agent-related content
05467.md	agents-architecture	Agent design patterns or architectural approaches
05525.jsonl	agents-frameworks	Agent frameworks or libraries (LangChain, CrewAI, AutoGen, etc)
05526.jsonl	agents-frameworks	Agent frameworks or libraries (LangChain, CrewAI, AutoGen, etc)
05527.md	agents-frameworks	Agent frameworks or libraries (LangChain, CrewAI, AutoGen, etc)
05555.jsonl	agents-other	Unclassified agent-related content
05556.jsonl	agents-other	Unclassified agent-related content
05557.md	agents-research	Academic research papers on agents
05594.jsonl	agents-frameworks	Agent frameworks or libraries (LangChain, CrewAI, AutoGen, etc)
05595.jsonl	agents-frameworks	Agent frameworks or libraries (LangChain, CrewAI, AutoGen, etc)
05596.md	agents-frameworks	Agent frameworks or libraries (LangChain, CrewAI, AutoGen, etc)
05600.jsonl	agents-evaluation	Agent evaluation, benchmarking, or testing
05601.jsonl	agents-evaluation	Agent evaluation, benchmarking, or testing
05602.md	agents-frameworks	Agent frameworks or libraries (LangChain, CrewAI, AutoGen, etc)
05645.jsonl	agents-architecture	Agent design patterns or architectural approaches
05646.jsonl	agents-frameworks	Agent frameworks or libraries (LangChain, CrewAI, AutoGen, etc)
05647.md	agents-research	Academic research papers on agents
05681.jsonl	agents-other	Unclassified agent-related content
05682.jsonl	agents-other	Unclassified agent-related content
05683.md	agents-architecture	Agent design patterns or architectural approaches
05711.jsonl	agents-coding	AI coding agents or code generation
05712.jsonl	agents-coding	AI coding agents or code generation
05713.md	agents-coding	AI coding agents or code generation
05765.jsonl	agents-architecture	Agent design patterns or architectural approaches
05766.jsonl	agents-architecture	Agent design patterns or architectural approaches
05767.md	agents-architecture	Agent design patterns or architectural approaches
05771.jsonl	agents-architecture	Agent design patterns or architectural approaches
05772.jsonl	agents-architecture	Agent design patterns or architectural approaches
05773.md	agents-architecture	Agent design patterns or architectural approaches
05795.jsonl	agents-personal	Personal AI assistants or digital twins
05796.jsonl	agents-research	Academic research papers on agents
05797.md	agents-research	Academic research papers on agents
05828.jsonl	agents-architecture	Agent design patterns or architectural approaches
05829.jsonl	agents-architecture	Agent design patterns or architectural approaches
05830.md	agents-architecture	Agent design patterns or architectural approaches
05858.jsonl	agents-other	Unclassified agent-related content
05859.jsonl	agents-personal	Personal AI assistants or digital twins
05860.md	agents-architecture	Agent design patterns or architectural approaches
05873.jsonl	agents-research	Academic research papers on agents
05874.jsonl	agents-research	Academic research papers on agents
05875.md	agents-research	Academic research papers on agents
05942.jsonl	agents-research	Academic research papers on agents
05943.jsonl	agents-research	Academic research papers on agents
05944.md	agents-research	Academic research papers on agents
05960.jsonl	agents-other	Unclassified agent-related content
05961.jsonl	agents-other	Unclassified agent-related content
05962.md	agents-architecture	Agent design patterns or architectural approaches
05993.jsonl	agents-other	Unclassified agent-related content
05994.jsonl	agents-evaluation	Agent evaluation, benchmarking, or testing
05995.md	agents-evaluation	Agent evaluation, benchmarking, or testing
06005.jsonl	agents-other	Unclassified agent-related content
06006.jsonl	agents-other	Unclassified agent-related content
06007.md	agents-architecture	Agent design patterns or architectural approaches
06017.jsonl	agents-other	Unclassified agent-related content
06018.jsonl	agents-other	Unclassified agent-related content
06019.md	agents-architecture	Agent design patterns or architectural approaches
06023.jsonl	agents-architecture	Agent design patterns or architectural approaches
06024.jsonl	agents-frameworks	Agent frameworks or libraries (LangChain, CrewAI, AutoGen, etc)
06025.md	agents-frameworks	Agent frameworks or libraries (LangChain, CrewAI, AutoGen, etc)
06062.jsonl	agents-evaluation	Agent evaluation, benchmarking, or testing
06063.jsonl	agents-evaluation	Agent evaluation, benchmarking, or testing
06064.md	agents-frameworks	Agent frameworks or libraries (LangChain, CrewAI, AutoGen, etc)
06089.jsonl	agents-other	Unclassified agent-related content
06090.jsonl	agents-other	Unclassified agent-related content
06091.md	agents-architecture	Agent design patterns or architectural approaches
06122.jsonl	agents-deployment	Agent deployment or production scaling
06123.jsonl	agents-deployment	Agent deployment or production scaling
06124.md	agents-deployment	Agent deployment or production scaling
06215.jsonl	agents-other	Unclassified agent-related content
06216.jsonl	agents-other	Unclassified agent-related content
06217.md	agents-architecture	Agent design patterns or architectural approaches
06329.jsonl	agents-research	Academic research papers on agents
06330.jsonl	agents-research	Academic research papers on agents
06331.md	agents-research	Academic research papers on agents
06350.jsonl	agents-other	Unclassified agent-related content
06351.jsonl	agents-other	Unclassified agent-related content
06352.md	agents-architecture	Agent design patterns or architectural approaches
06356.jsonl	agents-deployment	Agent deployment or production scaling
06357.jsonl	agents-frameworks	Agent frameworks or libraries (LangChain, CrewAI, AutoGen, etc)
06358.md	agents-deployment	Agent deployment or production scaling
06362.jsonl	agents-research	Academic research papers on agents
06363.jsonl	agents-research	Academic research papers on agents
06364.md	agents-research	Academic research papers on agents
06416.jsonl	agents-other	Unclassified agent-related content
06417.jsonl	agents-other	Unclassified agent-related content
06418.md	agents-frameworks	Agent frameworks or libraries (LangChain, CrewAI, AutoGen, etc)
06470.jsonl	agents-other	Unclassified agent-related content
06471.jsonl	agents-personal	Personal AI assistants or digital twins
06472.md	agents-architecture	Agent design patterns or architectural approaches
06611.jsonl	agents-other	Unclassified agent-related content
06612.jsonl	agents-other	Unclassified agent-related content
06613.md	agents-architecture	Agent design patterns or architectural approaches
06653.jsonl	agents-deployment	Agent deployment or production scaling
06654.jsonl	agents-research	Academic research papers on agents
06655.md	agents-research	Academic research papers on agents
06659.jsonl	agents-multi-agent	Multi-agent coordination, swarms, or orchestration
06660.jsonl	agents-multi-agent	Multi-agent coordination, swarms, or orchestration
06661.md	agents-multi-agent	Multi-agent coordination, swarms, or orchestration
06674.jsonl	agents-architecture	Agent design patterns or architectural approaches
06675.jsonl	agents-evaluation	Agent evaluation, benchmarking, or testing
06676.md	agents-frameworks	Agent frameworks or libraries (LangChain, CrewAI, AutoGen, etc)
06728.jsonl	agents-frameworks	Agent frameworks or libraries (LangChain, CrewAI, AutoGen, etc)
06729.jsonl	agents-frameworks	Agent frameworks or libraries (LangChain, CrewAI, AutoGen, etc)
06730.md	agents-frameworks	Agent frameworks or libraries (LangChain, CrewAI, AutoGen, etc)
06752.jsonl	agents-other	Unclassified agent-related content
06753.jsonl	agents-multi-agent	Multi-agent coordination, swarms, or orchestration
06754.md	agents-multi-agent	Multi-agent coordination, swarms, or orchestration
06788.jsonl	agents-other	Unclassified agent-related content
06789.jsonl	agents-research	Academic research papers on agents
06790.md	agents-research	Academic research papers on agents
06806.jsonl	agents-other	Unclassified agent-related content
06807.jsonl	agents-multi-agent	Multi-agent coordination, swarms, or orchestration
06808.md	agents-multi-agent	Multi-agent coordination, swarms, or orchestration
06809.jsonl	agents-other	Unclassified agent-related content
06810.jsonl	agents-other	Unclassified agent-related content
06811.md	agents-architecture	Agent design patterns or architectural approaches
06845.jsonl	agents-other	Unclassified agent-related content
06846.jsonl	agents-other	Unclassified agent-related content
06847.md	agents-architecture	Agent design patterns or architectural approaches
06854.jsonl	agents-architecture	Agent design patterns or architectural approaches
06855.jsonl	agents-research	Academic research papers on agents
06856.md	agents-research	Academic research papers on agents
06896.jsonl	agents-other	Unclassified agent-related content
06897.jsonl	agents-other	Unclassified agent-related content
06898.md	agents-architecture	Agent design patterns or architectural approaches
06911.jsonl	agents-other	Unclassified agent-related content
06912.jsonl	agents-frameworks	Agent frameworks or libraries (LangChain, CrewAI, AutoGen, etc)
06913.md	agents-frameworks	Agent frameworks or libraries (LangChain, CrewAI, AutoGen, etc)
06920.jsonl	agents-research	Academic research papers on agents
06921.jsonl	agents-research	Academic research papers on agents
06922.md	agents-research	Academic research papers on agents
06926.jsonl	agents-frameworks	Agent frameworks or libraries (LangChain, CrewAI, AutoGen, etc)
06927.jsonl	agents-frameworks	Agent frameworks or libraries (LangChain, CrewAI, AutoGen, etc)
06928.md	agents-frameworks	Agent frameworks or libraries (LangChain, CrewAI, AutoGen, etc)
06938.jsonl	agents-other	Unclassified agent-related content
06939.jsonl	agents-research	Academic research papers on agents
06940.md	agents-research	Academic research papers on agents
06944.jsonl	agents-other	Unclassified agent-related content
06945.jsonl	agents-autonomy	Agent autonomy levels or human-in-the-loop systems
06946.md	agents-architecture	Agent design patterns or architectural approaches
06995.jsonl	agents-architecture	Agent design patterns or architectural approaches
06996.jsonl	agents-architecture	Agent design patterns or architectural approaches
06997.md	agents-frameworks	Agent frameworks or libraries (LangChain, CrewAI, AutoGen, etc)
07004.jsonl	agents-other	Unclassified agent-related content
07005.jsonl	agents-research	Academic research papers on agents
07006.md	agents-research	Academic research papers on agents
07013.jsonl	agents-architecture	Agent design patterns or architectural approaches
07014.jsonl	agents-deployment	Agent deployment or production scaling
07015.md	agents-multi-agent	Multi-agent coordination, swarms, or orchestration
07043.jsonl	agents-autonomy	Agent autonomy levels or human-in-the-loop systems
07044.jsonl	agents-research	Academic research papers on agents
07045.md	agents-autonomy	Agent autonomy levels or human-in-the-loop systems
07115.jsonl	agents-other	Unclassified agent-related content
07116.jsonl	agents-other	Unclassified agent-related content
07117.md	agents-frameworks	Agent frameworks or libraries (LangChain, CrewAI, AutoGen, etc)
07148.jsonl	agents-frameworks	Agent frameworks or libraries (LangChain, CrewAI, AutoGen, etc)
07149.jsonl	agents-frameworks	Agent frameworks or libraries (LangChain, CrewAI, AutoGen, etc)
07150.md	agents-frameworks	Agent frameworks or libraries (LangChain, CrewAI, AutoGen, etc)
07154.jsonl	agents-multi-agent	Multi-agent coordination, swarms, or orchestration
07155.jsonl	agents-research	Academic research papers on agents
07156.md	agents-research	Academic research papers on agents
07178.jsonl	agents-personal	Personal AI assistants or digital twins
07179.jsonl	agents-personal	Personal AI assistants or digital twins
07180.md	agents-frameworks	Agent frameworks or libraries (LangChain, CrewAI, AutoGen, etc)
07199.jsonl	agents-deployment	Agent deployment or production scaling
07200.jsonl	agents-deployment	Agent deployment or production scaling
07201.md	agents-deployment	Agent deployment or production scaling
07205.jsonl	agents-other	Unclassified agent-related content
07206.jsonl	agents-other	Unclassified agent-related content
07207.md	agents-research	Academic research papers on agents
07217.jsonl	agents-other	Unclassified agent-related content
07218.jsonl	agents-deployment	Agent deployment or production scaling
07219.md	agents-deployment	Agent deployment or production scaling
07223.jsonl	agents-other	Unclassified agent-related content
07224.jsonl	agents-other	Unclassified agent-related content
07225.md	agents-frameworks	Agent frameworks or libraries (LangChain, CrewAI, AutoGen, etc)
07232.jsonl	agents-frameworks	Agent frameworks or libraries (LangChain, CrewAI, AutoGen, etc)
07233.jsonl	agents-frameworks	Agent frameworks or libraries (LangChain, CrewAI, AutoGen, etc)
07234.md	agents-frameworks	Agent frameworks or libraries (LangChain, CrewAI, AutoGen, etc)
07241.jsonl	agents-coding	AI coding agents or code generation
07242.jsonl	agents-coding	AI coding agents or code generation
07243.md	agents-frameworks	Agent frameworks or libraries (LangChain, CrewAI, AutoGen, etc)
07301.jsonl	agents-other	Unclassified agent-related content
07302.jsonl	agents-other	Unclassified agent-related content
07303.md	agents-frameworks	Agent frameworks or libraries (LangChain, CrewAI, AutoGen, etc)
07319.jsonl	agents-other	Unclassified agent-related content
07320.jsonl	agents-frameworks	Agent frameworks or libraries (LangChain, CrewAI, AutoGen, etc)
07321.md	agents-multi-agent	Multi-agent coordination, swarms, or orchestration
07322.jsonl	agents-coding	AI coding agents or code generation
07323.jsonl	agents-frameworks	Agent frameworks or libraries (LangChain, CrewAI, AutoGen, etc)
07324.md	agents-frameworks	Agent frameworks or libraries (LangChain, CrewAI, AutoGen, etc)
07346.jsonl	agents-deployment	Agent deployment or production scaling
07347.jsonl	agents-research	Academic research papers on agents
07348.md	agents-research	Academic research papers on agents
07349.jsonl	agents-research	Academic research papers on agents
07350.jsonl	agents-research	Academic research papers on agents
07351.md	agents-research	Academic research papers on agents
07352.jsonl	agents-multi-agent	Multi-agent coordination, swarms, or orchestration
07353.jsonl	agents-multi-agent	Multi-agent coordination, swarms, or orchestration
07354.md	agents-frameworks	Agent frameworks or libraries (LangChain, CrewAI, AutoGen, etc)
07358.jsonl	agents-frameworks	Agent frameworks or libraries (LangChain, CrewAI, AutoGen, etc)
07359.jsonl	agents-frameworks	Agent frameworks or libraries (LangChain, CrewAI, AutoGen, etc)
07360.md	agents-frameworks	Agent frameworks or libraries (LangChain, CrewAI, AutoGen, etc)
07370.jsonl	agents-other	Unclassified agent-related content
07371.jsonl	agents-research	Academic research papers on agents
07372.md	agents-frameworks	Agent frameworks or libraries (LangChain, CrewAI, AutoGen, etc)
07376.jsonl	agents-other	Unclassified agent-related content
07377.jsonl	agents-research	Academic research papers on agents
07378.md	agents-frameworks	Agent frameworks or libraries (LangChain, CrewAI, AutoGen, etc)
07388.jsonl	agents-research	Academic research papers on agents
07389.jsonl	agents-research	Academic research papers on agents
07390.md	agents-research	Academic research papers on agents
07403.jsonl	agents-other	Unclassified agent-related content
07404.jsonl	agents-other	Unclassified agent-related content
07405.md	agents-architecture	Agent design patterns or architectural approaches
07418.jsonl	agents-multi-agent	Multi-agent coordination, swarms, or orchestration
07419.jsonl	agents-multi-agent	Multi-agent coordination, swarms, or orchestration
07420.md	agents-multi-agent	Multi-agent coordination, swarms, or orchestration
07451.jsonl	agents-frameworks	Agent frameworks or libraries (LangChain, CrewAI, AutoGen, etc)
07452.jsonl	agents-frameworks	Agent frameworks or libraries (LangChain, CrewAI, AutoGen, etc)
07453.md	agents-frameworks	Agent frameworks or libraries (LangChain, CrewAI, AutoGen, etc)
07484.jsonl	agents-multi-agent	Multi-agent coordination, swarms, or orchestration
07485.jsonl	agents-multi-agent	Multi-agent coordination, swarms, or orchestration
07486.md	agents-multi-agent	Multi-agent coordination, swarms, or orchestration
07520.jsonl	agents-architecture	Agent design patterns or architectural approaches
07521.jsonl	agents-deployment	Agent deployment or production scaling
07522.md	agents-deployment	Agent deployment or production scaling
07526.jsonl	agents-other	Unclassified agent-related content
07527.jsonl	agents-coding	AI coding agents or code generation
07528.md	agents-research	Academic research papers on agents
07544.jsonl	agents-other	Unclassified agent-related content
07545.jsonl	agents-evaluation	Agent evaluation, benchmarking, or testing
07546.md	agents-frameworks	Agent frameworks or libraries (LangChain, CrewAI, AutoGen, etc)
07547.jsonl	agents-frameworks	Agent frameworks or libraries (LangChain, CrewAI, AutoGen, etc)
07548.jsonl	agents-frameworks	Agent frameworks or libraries (LangChain, CrewAI, AutoGen, etc)
07549.md	agents-autonomy	Agent autonomy levels or human-in-the-loop systems
07550.jsonl	agents-other	Unclassified agent-related content
07551.jsonl	agents-architecture	Agent design patterns or architectural approaches
07552.md	agents-architecture	Agent design patterns or architectural approaches
07553.jsonl	agents-architecture	Agent design patterns or architectural approaches
07554.jsonl	agents-evaluation	Agent evaluation, benchmarking, or testing
07555.md	agents-frameworks	Agent frameworks or libraries (LangChain, CrewAI, AutoGen, etc)
07559.jsonl	agents-deployment	Agent deployment or production scaling
07560.jsonl	agents-multi-agent	Multi-agent coordination, swarms, or orchestration
07561.md	agents-multi-agent	Multi-agent coordination, swarms, or orchestration
07562.jsonl	agents-other	Unclassified agent-related content
07563.jsonl	agents-frameworks	Agent frameworks or libraries (LangChain, CrewAI, AutoGen, etc)
07564.md	agents-frameworks	Agent frameworks or libraries (LangChain, CrewAI, AutoGen, etc)
07565.jsonl	agents-other	Unclassified agent-related content
07566.jsonl	agents-frameworks	Agent frameworks or libraries (LangChain, CrewAI, AutoGen, etc)
07567.md	agents-frameworks	Agent frameworks or libraries (LangChain, CrewAI, AutoGen, etc)
07568.jsonl	agents-research	Academic research papers on agents
07569.jsonl	agents-research	Academic research papers on agents
07570.md	agents-research	Academic research papers on agents
07616.jsonl	agents-tool-use	Tool use, function calling, or MCP implementation
07617.jsonl	agents-tool-use	Tool use, function calling, or MCP implementation
07618.md	agents-tool-use	Tool use, function calling, or MCP implementation
07625.jsonl	agents-other	Unclassified agent-related content
07626.jsonl	agents-research	Academic research papers on agents
07627.md	agents-research	Academic research papers on agents
07637.jsonl	agents-multi-agent	Multi-agent coordination, swarms, or orchestration
07638.jsonl	agents-multi-agent	Multi-agent coordination, swarms, or orchestration
07639.md	agents-multi-agent	Multi-agent coordination, swarms, or orchestration
07658.jsonl	agents-memory	Agent memory systems or context management
07659.jsonl	agents-memory	Agent memory systems or context management
07660.md	agents-frameworks	Agent frameworks or libraries (LangChain, CrewAI, AutoGen, etc)
07667.jsonl	agents-research	Academic research papers on agents
07668.jsonl	agents-research	Academic research papers on agents
07669.md	agents-research	Academic research papers on agents
07673.jsonl	agents-multi-agent	Multi-agent coordination, swarms, or orchestration
07674.jsonl	agents-multi-agent	Multi-agent coordination, swarms, or orchestration
07675.md	agents-multi-agent	Multi-agent coordination, swarms, or orchestration
07676.jsonl	agents-autonomy	Agent autonomy levels or human-in-the-loop systems
07677.jsonl	agents-autonomy	Agent autonomy levels or human-in-the-loop systems
07678.md	agents-autonomy	Agent autonomy levels or human-in-the-loop systems
07685.jsonl	agents-frameworks	Agent frameworks or libraries (LangChain, CrewAI, AutoGen, etc)
07686.jsonl	agents-frameworks	Agent frameworks or libraries (LangChain, CrewAI, AutoGen, etc)
07687.md	agents-frameworks	Agent frameworks or libraries (LangChain, CrewAI, AutoGen, etc)
07688.jsonl	agents-other	Unclassified agent-related content
07689.jsonl	agents-research	Academic research papers on agents
07690.md	agents-research	Academic research papers on agents
07700.jsonl	agents-other	Unclassified agent-related content
07701.jsonl	agents-frameworks	Agent frameworks or libraries (LangChain, CrewAI, AutoGen, etc)
07702.md	agents-frameworks	Agent frameworks or libraries (LangChain, CrewAI, AutoGen, etc)
07706.jsonl	agents-multi-agent	Multi-agent coordination, swarms, or orchestration
07707.jsonl	agents-multi-agent	Multi-agent coordination, swarms, or orchestration
07708.md	agents-multi-agent	Multi-agent coordination, swarms, or orchestration
07724.jsonl	agents-other	Unclassified agent-related content
07725.jsonl	agents-research	Academic research papers on agents
07726.md	agents-research	Academic research papers on agents
07736.jsonl	agents-frameworks	Agent frameworks or libraries (LangChain, CrewAI, AutoGen, etc)
07737.jsonl	agents-frameworks	Agent frameworks or libraries (LangChain, CrewAI, AutoGen, etc)
07738.md	agents-frameworks	Agent frameworks or libraries (LangChain, CrewAI, AutoGen, etc)
07775.jsonl	agents-research	Academic research papers on agents
07776.jsonl	agents-research	Academic research papers on agents
07777.md	agents-research	Academic research papers on agents
07805.jsonl	agents-other	Unclassified agent-related content
07806.jsonl	agents-other	Unclassified agent-related content
07807.md	agents-frameworks	Agent frameworks or libraries (LangChain, CrewAI, AutoGen, etc)
07847.jsonl	agents-multi-agent	Multi-agent coordination, swarms, or orchestration
07848.jsonl	agents-multi-agent	Multi-agent coordination, swarms, or orchestration
07849.md	agents-frameworks	Agent frameworks or libraries (LangChain, CrewAI, AutoGen, etc)
07862.jsonl	agents-multi-agent	Multi-agent coordination, swarms, or orchestration
07863.jsonl	agents-multi-agent	Multi-agent coordination, swarms, or orchestration
07864.md	agents-multi-agent	Multi-agent coordination, swarms, or orchestration
07868.jsonl	agents-other	Unclassified agent-related content
07869.jsonl	agents-frameworks	Agent frameworks or libraries (LangChain, CrewAI, AutoGen, etc)
07870.md	agents-research	Academic research papers on agents
07877.jsonl	agents-research	Academic research papers on agents
07878.jsonl	agents-research	Academic research papers on agents
07879.md	agents-research	Academic research papers on agents
07889.jsonl	agents-other	Unclassified agent-related content
07890.jsonl	agents-other	Unclassified agent-related content
07891.md	agents-architecture	Agent design patterns or architectural approaches
07892.jsonl	agents-research	Academic research papers on agents
07893.jsonl	agents-research	Academic research papers on agents
07894.md	agents-research	Academic research papers on agents
07937.jsonl	agents-research	Academic research papers on agents
07938.jsonl	agents-research	Academic research papers on agents
07939.md	agents-research	Academic research papers on agents
07943.jsonl	agents-other	Unclassified agent-related content
07944.jsonl	agents-other	Unclassified agent-related content
07945.md	agents-research	Academic research papers on agents
07955.jsonl	agents-research	Academic research papers on agents
07956.jsonl	agents-research	Academic research papers on agents
07957.md	agents-research	Academic research papers on agents
07964.jsonl	agents-other	Unclassified agent-related content
07965.jsonl	agents-research	Academic research papers on agents
07966.md	agents-research	Academic research papers on agents
07970.jsonl	agents-research	Academic research papers on agents
07971.jsonl	agents-research	Academic research papers on agents
07972.md	agents-research	Academic research papers on agents
07979.jsonl	agents-multi-agent	Multi-agent coordination, swarms, or orchestration
07980.jsonl	agents-multi-agent	Multi-agent coordination, swarms, or orchestration
07981.md	agents-frameworks	Agent frameworks or libraries (LangChain, CrewAI, AutoGen, etc)
07991.jsonl	agents-research	Academic research papers on agents
07992.jsonl	agents-research	Academic research papers on agents
07993.md	agents-research	Academic research papers on agents
09011.md	agents-architecture	Agent design patterns or architectural approaches
09023.md	agents-other	Unclassified agent-related content
09024.md	agents-other	Unclassified agent-related content
09027.md	agents-architecture	Agent design patterns or architectural approaches
09040.md	agents-other	Unclassified agent-related content
09267.md	agents-coding	AI coding agents or code generation
09287.md	agents-multi-agent	Multi-agent coordination, swarms, or orchestration
09323.md	agents-research	Academic research papers on agents
09324.md	agents-multi-agent	Multi-agent coordination, swarms, or orchestration
09348.md	agents-multi-agent	Multi-agent coordination, swarms, or orchestration
09349.md	agents-multi-agent	Multi-agent coordination, swarms, or orchestration
09372.md	agents-research	Academic research papers on agents
09392.md	agents-research	Academic research papers on agents
09434.md	agents-research	Academic research papers on agents
09435.md	agents-research	Academic research papers on agents
09441.md	agents-research	Academic research papers on agents
09446.md	agents-research	Academic research papers on agents
09454.md	agents-research	Academic research papers on agents
09471.md	agents-research	Academic research papers on agents
09480.md	agents-research	Academic research papers on agents
09481.md	agents-research	Academic research papers on agents
09483.md	agents-research	Academic research papers on agents
09492.md	agents-research	Academic research papers on agents
09516.md	agents-research	Academic research papers on agents
09533.md	agents-research	Academic research papers on agents
09536.md	agents-research	Academic research papers on agents
09549.md	agents-research	Academic research papers on agents
09566.md	agents-research	Academic research papers on agents
09567.md	agents-research	Academic research papers on agents
09578.md	agents-research	Academic research papers on agents
09587.md	agents-research	Academic research papers on agents
09624.md	agents-research	Academic research papers on agents
09625.md	agents-research	Academic research papers on agents
09628.md	agents-research	Academic research papers on agents
09646.md	agents-research	Academic research papers on agents
09649.md	agents-research	Academic research papers on agents
09650.md	agents-research	Academic research papers on agents
09661.md	agents-research	Academic research papers on agents
09683.md	agents-research	Academic research papers on agents
09737.md	agents-research	Academic research papers on agents
09754.md	agents-research	Academic research papers on agents
09758.md	agents-research	Academic research papers on agents
09781.md	agents-architecture	Agent design patterns or architectural approaches
09782.md	agents-architecture	Agent design patterns or architectural approaches
09787.md	agents-research	Academic research papers on agents
09804.md	agents-research	Academic research papers on agents
09806.md	agents-research	Academic research papers on agents
09809.md	agents-research	Academic research papers on agents
09810.md	agents-research	Academic research papers on agents
09812.md	agents-tool-use	Tool use, function calling, or MCP implementation
09813.md	agents-tool-use	Tool use, function calling, or MCP implementation
09822.md	agents-research	Academic research papers on agents
09840.md	agents-research	Academic research papers on agents
09841.md	agents-research	Academic research papers on agents
09850.md	agents-research	Academic research papers on agents
09866.md	agents-research	Academic research papers on agents
09869.md	agents-research	Academic research papers on agents
09876.md	agents-research	Academic research papers on agents
09883.md	agents-research	Academic research papers on agents
09900.md	agents-research	Academic research papers on agents
09901.md	agents-research	Academic research papers on agents
09906.md	agents-research	Academic research papers on agents
09921.md	agents-research	Academic research papers on agents
09928.md	agents-research	Academic research papers on agents
09936.md	agents-research	Academic research papers on agents
09941.md	agents-research	Academic research papers on agents
09943.md	agents-research	Academic research papers on agents
09950.md	agents-research	Academic research papers on agents
09951.md	agents-research	Academic research papers on agents
09969.md	agents-research	Academic research papers on agents
09970.md	agents-research	Academic research papers on agents
09972.md	agents-evaluation	Agent evaluation, benchmarking, or testing
09987.md	agents-research	Academic research papers on agents
09990.md	agents-research	Academic research papers on agents
09994.md	agents-other	Unclassified agent-related content
10020.md	agents-research	Academic research papers on agents
10095.md	agents-multi-agent	Multi-agent coordination, swarms, or orchestration
10119.md	agents-research	Academic research papers on agents
10124.md	agents-research	Academic research papers on agents
10145.md	agents-other	Unclassified agent-related content
10163.md	agents-research	Academic research papers on agents
10189.md	agents-research	Academic research papers on agents
10261.md	agents-research	Academic research papers on agents
10279.md	agents-research	Academic research papers on agents
10304.md	agents-evaluation	Agent evaluation, benchmarking, or testing
10323.md	agents-multi-agent	Multi-agent coordination, swarms, or orchestration
10382.md	agents-research	Academic research papers on agents
10386.md	agents-multi-agent	Multi-agent coordination, swarms, or orchestration
10400.md	agents-research	Academic research papers on agents
10421.md	agents-research	Academic research papers on agents
10426.md	agents-frameworks	Agent frameworks or libraries (LangChain, CrewAI, AutoGen, etc)
10434.md	agents-research	Academic research papers on agents
10435.md	agents-research	Academic research papers on agents
10439.md	agents-research	Academic research papers on agents
10451.md	agents-frameworks	Agent frameworks or libraries (LangChain, CrewAI, AutoGen, etc)
10474.md	agents-research	Academic research papers on agents
10536.md	agents-frameworks	Agent frameworks or libraries (LangChain, CrewAI, AutoGen, etc)
10542.md	agents-research	Academic research papers on agents
10551.md	agents-other	Unclassified agent-related content
10556.md	agents-multi-agent	Multi-agent coordination, swarms, or orchestration
10561.md	agents-research	Academic research papers on agents
10589.md	agents-research	Academic research papers on agents
10609.md	agents-frameworks	Agent frameworks or libraries (LangChain, CrewAI, AutoGen, etc)
10612.md	agents-other	Unclassified agent-related content
10624.md	agents-multi-agent	Multi-agent coordination, swarms, or orchestration
10653.md	agents-architecture	Agent design patterns or architectural approaches
10679.md	agents-research	Academic research papers on agents
10683.md	agents-research	Academic research papers on agents
10700.md	agents-research	Academic research papers on agents
10702.md	agents-other	Unclassified agent-related content
10717.md	agents-other	Unclassified agent-related content
10719.md	agents-deployment	Agent deployment or production scaling
10742.md	agents-research	Academic research papers on agents
10743.md	agents-research	Academic research papers on agents
10760.md	agents-personal	Personal AI assistants or digital twins
10763.md	agents-architecture	Agent design patterns or architectural approaches
10768.md	agents-tool-use	Tool use, function calling, or MCP implementation
10854.md	agents-frameworks	Agent frameworks or libraries (LangChain, CrewAI, AutoGen, etc)
10872.md	agents-research	Academic research papers on agents
10873.md	agents-architecture	Agent design patterns or architectural approaches
10881.md	agents-research	Academic research papers on agents
10887.md	agents-research	Academic research papers on agents
10894.md	agents-architecture	Agent design patterns or architectural approaches
10908.md	agents-coding	AI coding agents or code generation
10928.md	agents-frameworks	Agent frameworks or libraries (LangChain, CrewAI, AutoGen, etc)
10940.md	agents-architecture	Agent design patterns or architectural approaches
10958.md	agents-research	Academic research papers on agents
10959.md	agents-research	Academic research papers on agents
10977.md	agents-deployment	Agent deployment or production scaling
11007.md	agents-multi-agent	Multi-agent coordination, swarms, or orchestration
11008.md	agents-coding	AI coding agents or code generation
11020.md	agents-research	Academic research papers on agents
11038.md	agents-coding	AI coding agents or code generation
11041.md	agents-research	Academic research papers on agents
11058.md	agents-deployment	Agent deployment or production scaling
11059.md	agents-coding	AI coding agents or code generation
11061.md	agents-other	Unclassified agent-related content
11071.md	agents-research	Academic research papers on agents
11072.md	agents-frameworks	Agent frameworks or libraries (LangChain, CrewAI, AutoGen, etc)
11080.md	agents-architecture	Agent design patterns or architectural approaches
11083.md	agents-research	Academic research papers on agents
11095.md	agents-memory	Agent memory systems or context management
11100.md	agents-research	Academic research papers on agents
11225.md	agents-other	Unclassified agent-related content
11226.md	agents-other	Unclassified agent-related content
11227.md	agents-other	Unclassified agent-related content
11228.md	agents-other	Unclassified agent-related content
11232.md	agents-research	Academic research papers on agents
11233.md	agents-research	Academic research papers on agents
11269.md	agents-research	Academic research papers on agents
11318.md	agents-architecture	Agent design patterns or architectural approaches
11333.yaml	agents-frameworks	Agent frameworks or libraries (LangChain, CrewAI, AutoGen, etc)
11337.md	agents-deployment	Agent deployment or production scaling
11345.md	agents-personal	Personal AI assistants or digital twins
11350.md	agents-multi-agent	Multi-agent coordination, swarms, or orchestration
11354.md	agents-research	Academic research papers on agents
11355.md	agents-architecture	Agent design patterns or architectural approaches
11356.md	agents-architecture	Agent design patterns or architectural approaches
11357.md	agents-deployment	Agent deployment or production scaling
11363.md	agents-architecture	Agent design patterns or architectural approaches
11370.md	agents-architecture	Agent design patterns or architectural approaches
11372.md	agents-multi-agent	Multi-agent coordination, swarms, or orchestration
11387.md	agents-research	Academic research papers on agents
11390.md	agents-other	Unclassified agent-related content
11393.csv	agents-frameworks	Agent frameworks or libraries (LangChain, CrewAI, AutoGen, etc)
11400.md	agents-business	Agent startups, businesses, or commercialization
11428.md	agents-research	Academic research papers on agents
11457.plist	agents-other	Unclassified agent-related content
11505.md	agents-deployment	Agent deployment or production scaling
11567.md	agents-other	Unclassified agent-related content
11579.md	agents-other	Unclassified agent-related content
11592.md	agents-architecture	Agent design patterns or architectural approaches
11623.md	agents-deployment	Agent deployment or production scaling
11629.md	agents-tool-use	Tool use, function calling, or MCP implementation
11630.md	agents-tool-use	Tool use, function calling, or MCP implementation
11637.md	agents-research	Academic research papers on agents
11649.md	agents-research	Academic research papers on agents
11672.plist	agents-other	Unclassified agent-related content
11677.md	agents-research	Academic research papers on agents
