00006	ai-general	
00007	ai-general	
00009.log	ai-general	
00010.log	ai-general	
00012.log	ai-general	
00013.jsonl	ai-open-source	Open source models and weights
00014.log	ai-general	
00016.log	ai-general	
00148.md	ai-developer-tools	Developer tools and frameworks
00260.md	ai-multimodal	Multimodal AI capabilities
00305.jsonl	ai-general	Empty file
00314.jsonl	ai-general	Empty file
00324.jsonl	ai-general	Empty file
00334.jsonl	ai-general	Empty file
00367.jsonl	ai-general	Empty file
00714.jsonl	ai-general	
00716.md	ai-automation	AI automation and workflows
00722.md	ai-general	
00727.jsonl	ai-developer-tools	Developer tools and frameworks
00728.log	ai-general	Empty file
00729.log	ai-developer-tools	Developer tools and frameworks
00732.jsonl	ai-developer-tools	Developer tools and frameworks
00737.jsonl	ai-general	
00769.csv	ai-research	AI research and technical advances
00835.csv	ai-research	AI research and technical advances
00966.log	ai-infrastructure	AI compute infrastructure
00967.log	ai-infrastructure	AI compute infrastructure
00968.log	ai-infrastructure	AI compute infrastructure
00996.log	ai-general	
00997.log	ai-general	
01018.log	ai-automation	AI automation and workflows
01024.log	ai-general	
01025.log	ai-general	
01030.log	ai-general	
01051.log	ai-general	
01069.jsonl	ai-infrastructure	AI compute infrastructure
01070.jsonl	ai-infrastructure	AI compute infrastructure
01072.jsonl	ai-infrastructure	AI compute infrastructure
01073.jsonl	ai-infrastructure	AI compute infrastructure
01090.jsonl	ai-general	Empty file
01091.jsonl	ai-general	Empty file
01093.jsonl	ai-multimodal	Multimodal AI capabilities
01094.jsonl	ai-multimodal	Multimodal AI capabilities
01105.jsonl	ai-research	AI research and technical advances
01106.jsonl	ai-research	AI research and technical advances
01111.jsonl	ai-workforce	AI impact on jobs and employment
01112.jsonl	ai-workforce	AI impact on jobs and employment
01117.jsonl	ai-workforce	AI impact on jobs and employment
01118.jsonl	ai-workforce	AI impact on jobs and employment
01126.jsonl	ai-research	AI research and technical advances
01127.jsonl	ai-research	AI research and technical advances
01132.jsonl	ai-agi	AGI and superintelligence discussion
01133.jsonl	ai-agi	AGI and superintelligence discussion
01135.jsonl	ai-general	
01136.jsonl	ai-general	
01144.jsonl	ai-regulation	AI regulation and policy
01145.jsonl	ai-regulation	AI regulation and policy
01147.jsonl	ai-research	AI research and technical advances
01148.jsonl	ai-research	AI research and technical advances
01153.jsonl	ai-research	AI research and technical advances
01154.jsonl	ai-research	AI research and technical advances
01156.jsonl	ai-multimodal	Multimodal AI capabilities
01157.jsonl	ai-multimodal	Multimodal AI capabilities
01159.jsonl	ai-agi	AGI and superintelligence discussion
01160.jsonl	ai-agi	AGI and superintelligence discussion
01162.jsonl	ai-multimodal	Multimodal AI capabilities
01163.jsonl	ai-multimodal	Multimodal AI capabilities
01171.jsonl	ai-general	
01172.jsonl	ai-general	
01177.jsonl	ai-regulation	AI regulation and policy
01178.jsonl	ai-regulation	AI regulation and policy
01192.jsonl	ai-regulation	AI regulation and policy
01193.jsonl	ai-regulation	AI regulation and policy
01201.jsonl	ai-regulation	AI regulation and policy
01202.jsonl	ai-regulation	AI regulation and policy
01204.jsonl	ai-agi	AGI and superintelligence discussion
01205.jsonl	ai-agi	AGI and superintelligence discussion
01207.jsonl	ai-regulation	AI regulation and policy
01208.jsonl	ai-regulation	AI regulation and policy
01210.jsonl	ai-infrastructure	AI compute infrastructure
01211.jsonl	ai-infrastructure	AI compute infrastructure
01213.jsonl	ai-infrastructure	AI compute infrastructure
01214.jsonl	ai-infrastructure	AI compute infrastructure
01216.jsonl	ai-workforce	AI impact on jobs and employment
01217.jsonl	ai-workforce	AI impact on jobs and employment
01222.jsonl	ai-ethics	AI ethics and bias
01223.jsonl	ai-ethics	AI ethics and bias
01225.jsonl	ai-infrastructure	AI compute infrastructure
01226.jsonl	ai-infrastructure	AI compute infrastructure
01228.jsonl	ai-workforce	AI impact on jobs and employment
01229.jsonl	ai-workforce	AI impact on jobs and employment
01234.jsonl	ai-regulation	AI regulation and policy
01235.jsonl	ai-regulation	AI regulation and policy
01237.jsonl	ai-agi	AGI and superintelligence discussion
01238.jsonl	ai-agi	AGI and superintelligence discussion
01240.jsonl	ai-infrastructure	AI compute infrastructure
01241.jsonl	ai-infrastructure	AI compute infrastructure
01243.jsonl	ai-developer-tools	Developer tools and frameworks
01244.jsonl	ai-developer-tools	Developer tools and frameworks
01246.jsonl	ai-infrastructure	AI compute infrastructure
01247.jsonl	ai-infrastructure	AI compute infrastructure
01249.jsonl	ai-automation	AI automation and workflows
01250.jsonl	ai-automation	AI automation and workflows
01252.jsonl	ai-workforce	AI impact on jobs and employment
01253.jsonl	ai-workforce	AI impact on jobs and employment
01255.jsonl	ai-infrastructure	AI compute infrastructure
01256.jsonl	ai-infrastructure	AI compute infrastructure
01261.jsonl	ai-agi	AGI and superintelligence discussion
01262.jsonl	ai-agi	AGI and superintelligence discussion
01267.jsonl	ai-general	
01268.jsonl	ai-general	
01270.jsonl	ai-open-source	Open source models and weights
01271.jsonl	ai-general	
01273.jsonl	ai-general	
01274.jsonl	ai-general	
01285.jsonl	ai-agi	AGI and superintelligence discussion
01286.jsonl	ai-agi	AGI and superintelligence discussion
01291.jsonl	ai-general	Empty file
01292.jsonl	ai-general	Empty file
01294.jsonl	ai-product-launches	AI product announcements
01295.jsonl	ai-product-launches	AI product announcements
01297.jsonl	ai-ethics	AI ethics and bias
01298.jsonl	ai-ethics	AI ethics and bias
01300.jsonl	ai-developer-tools	Developer tools and frameworks
01301.jsonl	ai-developer-tools	Developer tools and frameworks
01303.jsonl	ai-open-source	Open source models and weights
01304.jsonl	ai-infrastructure	AI compute infrastructure
01312.jsonl	ai-general	
01313.jsonl	ai-general	
01315.jsonl	ai-regulation	AI regulation and policy
01316.jsonl	ai-regulation	AI regulation and policy
01321.jsonl	ai-general	Empty file
01322.jsonl	ai-general	Empty file
01330.jsonl	ai-open-source	Open source models and weights
01331.jsonl	ai-automation	AI automation and workflows
01333.jsonl	ai-infrastructure	AI compute infrastructure
01334.jsonl	ai-infrastructure	AI compute infrastructure
01342.jsonl	ai-automation	AI automation and workflows
01343.jsonl	ai-automation	AI automation and workflows
01345.jsonl	ai-regulation	AI regulation and policy
01346.jsonl	ai-regulation	AI regulation and policy
01348.jsonl	ai-general	Empty file
01349.jsonl	ai-general	Empty file
01351.jsonl	ai-general	
01352.jsonl	ai-general	
01354.jsonl	ai-research	AI research and technical advances
01355.jsonl	ai-research	AI research and technical advances
01357.jsonl	ai-workforce	AI impact on jobs and employment
01358.jsonl	ai-workforce	AI impact on jobs and employment
01360.jsonl	ai-general	
01361.jsonl	ai-general	
01363.jsonl	ai-workforce	AI impact on jobs and employment
01364.jsonl	ai-workforce	AI impact on jobs and employment
01366.jsonl	ai-regulation	AI regulation and policy
01367.jsonl	ai-regulation	AI regulation and policy
01372.jsonl	ai-regulation	AI regulation and policy
01373.jsonl	ai-regulation	AI regulation and policy
01375.jsonl	ai-workforce	AI impact on jobs and employment
01376.jsonl	ai-workforce	AI impact on jobs and employment
01387.jsonl	ai-general	Empty file
01388.jsonl	ai-general	Empty file
01390.jsonl	ai-general	Empty file
01391.jsonl	ai-general	Empty file
01396.jsonl	ai-general	Empty file
01397.jsonl	ai-general	Empty file
01402.jsonl	ai-infrastructure	AI compute infrastructure
01403.jsonl	ai-infrastructure	AI compute infrastructure
01405.jsonl	ai-general	Empty file
01406.jsonl	ai-general	Empty file
01417.jsonl	ai-general	Empty file
01418.jsonl	ai-general	Empty file
01420.jsonl	ai-workforce	AI impact on jobs and employment
01421.jsonl	ai-workforce	AI impact on jobs and employment
01423.jsonl	ai-general	Empty file
01424.jsonl	ai-general	Empty file
01426.jsonl	ai-general	Empty file
01427.jsonl	ai-general	Empty file
01429.jsonl	ai-developer-tools	Developer tools and frameworks
01430.jsonl	ai-developer-tools	Developer tools and frameworks
01432.jsonl	ai-general	Empty file
01433.jsonl	ai-general	Empty file
01435.jsonl	ai-workforce	AI impact on jobs and employment
01436.jsonl	ai-workforce	AI impact on jobs and employment
01438.jsonl	ai-developer-tools	Developer tools and frameworks
01439.jsonl	ai-developer-tools	Developer tools and frameworks
01441.jsonl	ai-research	AI research and technical advances
01442.jsonl	ai-research	AI research and technical advances
01444.jsonl	ai-ethics	AI ethics and bias
01445.jsonl	ai-ethics	AI ethics and bias
01447.jsonl	ai-workforce	AI impact on jobs and employment
01448.jsonl	ai-workforce	AI impact on jobs and employment
01453.jsonl	ai-research	AI research and technical advances
01454.jsonl	ai-research	AI research and technical advances
01456.jsonl	ai-agi	AGI and superintelligence discussion
01457.jsonl	ai-agi	AGI and superintelligence discussion
01459.jsonl	ai-ethics	AI ethics and bias
01460.jsonl	ai-ethics	AI ethics and bias
01462.jsonl	ai-automation	AI automation and workflows
01463.jsonl	ai-automation	AI automation and workflows
01468.jsonl	ai-general	Empty file
01469.jsonl	ai-general	Empty file
01471.jsonl	ai-automation	AI automation and workflows
01472.jsonl	ai-automation	AI automation and workflows
01474.jsonl	ai-open-source	Open source models and weights
01475.jsonl	ai-infrastructure	AI compute infrastructure
01492.jsonl	ai-general	Empty file
01493.jsonl	ai-general	Empty file
01501.jsonl	ai-general	Empty file
01502.jsonl	ai-general	Empty file
01507.jsonl	ai-research	AI research and technical advances
01508.jsonl	ai-research	AI research and technical advances
01513.jsonl	ai-research	AI research and technical advances
01514.jsonl	ai-research	AI research and technical advances
01516.jsonl	ai-workforce	AI impact on jobs and employment
01517.jsonl	ai-workforce	AI impact on jobs and employment
01519.jsonl	ai-automation	AI automation and workflows
01520.jsonl	ai-automation	AI automation and workflows
01528.jsonl	ai-workforce	AI impact on jobs and employment
01529.jsonl	ai-workforce	AI impact on jobs and employment
01531.jsonl	ai-general	
01532.jsonl	ai-general	
01534.jsonl	ai-product-launches	AI product announcements
01535.jsonl	ai-product-launches	AI product announcements
01537.jsonl	ai-research	AI research and technical advances
01538.jsonl	ai-research	AI research and technical advances
01540.jsonl	ai-general	
01541.jsonl	ai-general	
01546.jsonl	ai-general	
01547.jsonl	ai-general	
01549.jsonl	ai-infrastructure	AI compute infrastructure
01550.jsonl	ai-infrastructure	AI compute infrastructure
01552.jsonl	ai-general	Empty file
01553.jsonl	ai-general	Empty file
01558.jsonl	ai-infrastructure	AI compute infrastructure
01559.jsonl	ai-infrastructure	AI compute infrastructure
01561.jsonl	ai-research	AI research and technical advances
01562.jsonl	ai-research	AI research and technical advances
01564.jsonl	ai-automation	AI automation and workflows
01565.jsonl	ai-automation	AI automation and workflows
01567.jsonl	ai-regulation	AI regulation and policy
01568.jsonl	ai-regulation	AI regulation and policy
01570.jsonl	ai-general	
01571.jsonl	ai-general	
01573.jsonl	ai-ethics	AI ethics and bias
01574.jsonl	ai-ethics	AI ethics and bias
01591.jsonl	ai-ethics	AI ethics and bias
01592.jsonl	ai-ethics	AI ethics and bias
01597.jsonl	ai-developer-tools	Developer tools and frameworks
01598.jsonl	ai-developer-tools	Developer tools and frameworks
01609.jsonl	ai-general	Empty file
01610.jsonl	ai-general	Empty file
01615.jsonl	ai-multimodal	Multimodal AI capabilities
01616.jsonl	ai-multimodal	Multimodal AI capabilities
01624.jsonl	ai-workforce	AI impact on jobs and employment
01625.jsonl	ai-workforce	AI impact on jobs and employment
01627.jsonl	ai-general	
01628.jsonl	ai-general	
01630.jsonl	ai-open-source	Open source models and weights
01631.jsonl	ai-open-source	Open source models and weights
01633.jsonl	ai-open-source	Open source models and weights
01634.jsonl	ai-open-source	Open source models and weights
01636.jsonl	ai-regulation	AI regulation and policy
01637.jsonl	ai-regulation	AI regulation and policy
01645.jsonl	ai-ethics	AI ethics and bias
01646.jsonl	ai-ethics	AI ethics and bias
01648.jsonl	ai-general	Empty file
01649.jsonl	ai-general	Empty file
01660.jsonl	ai-general	
01661.jsonl	ai-general	
01663.jsonl	ai-general	Empty file
01664.jsonl	ai-general	Empty file
01666.jsonl	ai-workforce	AI impact on jobs and employment
01667.jsonl	ai-workforce	AI impact on jobs and employment
01672.jsonl	ai-workforce	AI impact on jobs and employment
01673.jsonl	ai-workforce	AI impact on jobs and employment
01681.jsonl	ai-open-source	Open source models and weights
01682.jsonl	ai-ethics	AI ethics and bias
01684.jsonl	ai-general	Empty file
01685.jsonl	ai-general	Empty file
01687.jsonl	ai-workforce	AI impact on jobs and employment
01688.jsonl	ai-workforce	AI impact on jobs and employment
01690.jsonl	ai-workforce	AI impact on jobs and employment
01691.jsonl	ai-workforce	AI impact on jobs and employment
01696.jsonl	ai-general	Empty file
01697.jsonl	ai-general	Empty file
01702.jsonl	ai-general	Empty file
01703.jsonl	ai-general	Empty file
01708.jsonl	ai-general	Empty file
01709.jsonl	ai-general	Empty file
01714.jsonl	ai-workforce	AI impact on jobs and employment
01715.jsonl	ai-workforce	AI impact on jobs and employment
01720.jsonl	ai-general	Empty file
01721.jsonl	ai-general	Empty file
01723.jsonl	ai-general	Empty file
01724.jsonl	ai-general	Empty file
01729.jsonl	ai-general	Empty file
01730.jsonl	ai-general	Empty file
01732.jsonl	ai-multimodal	Multimodal AI capabilities
01733.jsonl	ai-multimodal	Multimodal AI capabilities
01735.jsonl	ai-open-source	Open source models and weights
01736.jsonl	ai-infrastructure	AI compute infrastructure
01741.jsonl	ai-general	Empty file
01742.jsonl	ai-general	Empty file
01744.jsonl	ai-general	Empty file
01745.jsonl	ai-general	Empty file
01756.jsonl	ai-developer-tools	Developer tools and frameworks
01757.jsonl	ai-developer-tools	Developer tools and frameworks
01762.jsonl	ai-open-source	Open source models and weights
01763.jsonl	ai-product-launches	AI product announcements
01765.jsonl	ai-open-source	Open source models and weights
01766.jsonl	ai-infrastructure	AI compute infrastructure
01768.jsonl	ai-general	
01769.jsonl	ai-general	
01774.jsonl	ai-regulation	AI regulation and policy
01775.jsonl	ai-regulation	AI regulation and policy
01780.jsonl	ai-general	Empty file
01781.jsonl	ai-general	Empty file
01786.jsonl	ai-general	
01787.jsonl	ai-general	
01792.jsonl	ai-general	Empty file
01793.jsonl	ai-general	Empty file
01795.jsonl	ai-general	Empty file
01796.jsonl	ai-general	Empty file
01798.jsonl	ai-regulation	AI regulation and policy
01799.jsonl	ai-regulation	AI regulation and policy
01804.jsonl	ai-research	AI research and technical advances
01805.jsonl	ai-research	AI research and technical advances
01819.jsonl	ai-research	AI research and technical advances
01820.jsonl	ai-research	AI research and technical advances
01828.jsonl	ai-ethics	AI ethics and bias
01829.jsonl	ai-ethics	AI ethics and bias
01840.jsonl	ai-general	Empty file
01841.jsonl	ai-general	Empty file
01843.jsonl	ai-general	Empty file
01844.jsonl	ai-general	Empty file
01849.jsonl	ai-general	Empty file
01850.jsonl	ai-general	Empty file
01855.jsonl	ai-general	Empty file
01856.jsonl	ai-general	Empty file
01861.jsonl	ai-open-source	Open source models and weights
01862.jsonl	ai-research	AI research and technical advances
01873.jsonl	ai-ethics	AI ethics and bias
01874.jsonl	ai-ethics	AI ethics and bias
01879.jsonl	ai-research	AI research and technical advances
01880.jsonl	ai-research	AI research and technical advances
01888.jsonl	ai-workforce	AI impact on jobs and employment
01889.jsonl	ai-workforce	AI impact on jobs and employment
01891.jsonl	ai-regulation	AI regulation and policy
01892.jsonl	ai-regulation	AI regulation and policy
01894.jsonl	ai-research	AI research and technical advances
01895.jsonl	ai-research	AI research and technical advances
01897.jsonl	ai-workforce	AI impact on jobs and employment
01898.jsonl	ai-workforce	AI impact on jobs and employment
01900.jsonl	ai-general	Empty file
01901.jsonl	ai-general	Empty file
01903.jsonl	ai-workforce	AI impact on jobs and employment
01904.jsonl	ai-workforce	AI impact on jobs and employment
01927.jsonl	ai-ethics	AI ethics and bias
01928.jsonl	ai-ethics	AI ethics and bias
01930.jsonl	ai-research	AI research and technical advances
01931.jsonl	ai-research	AI research and technical advances
01933.jsonl	ai-open-source	Open source models and weights
01934.jsonl	ai-multimodal	Multimodal AI capabilities
01936.jsonl	ai-general	Empty file
01937.jsonl	ai-general	Empty file
01939.jsonl	ai-research	AI research and technical advances
01940.jsonl	ai-research	AI research and technical advances
01942.jsonl	ai-open-source	Open source models and weights
01943.jsonl	ai-open-source	Open source models and weights
01948.jsonl	ai-general	Empty file
01949.jsonl	ai-general	Empty file
01951.jsonl	ai-regulation	AI regulation and policy
01952.jsonl	ai-regulation	AI regulation and policy
01957.jsonl	ai-open-source	Open source models and weights
01958.jsonl	ai-ethics	AI ethics and bias
01960.jsonl	ai-developer-tools	Developer tools and frameworks
01961.jsonl	ai-developer-tools	Developer tools and frameworks
01969.jsonl	ai-regulation	AI regulation and policy
01970.jsonl	ai-regulation	AI regulation and policy
01972.jsonl	ai-general	Empty file
01973.jsonl	ai-general	Empty file
01975.jsonl	ai-open-source	Open source models and weights
01976.jsonl	ai-multimodal	Multimodal AI capabilities
01978.jsonl	ai-workforce	AI impact on jobs and employment
01979.jsonl	ai-workforce	AI impact on jobs and employment
01990.jsonl	ai-product-launches	AI product announcements
01991.jsonl	ai-product-launches	AI product announcements
01993.jsonl	ai-open-source	Open source models and weights
01994.jsonl	ai-research	AI research and technical advances
02002.jsonl	ai-regulation	AI regulation and policy
02003.jsonl	ai-regulation	AI regulation and policy
02008.jsonl	ai-general	
02009.jsonl	ai-general	
02011.jsonl	ai-general	Empty file
02012.jsonl	ai-general	Empty file
02020.jsonl	ai-research	AI research and technical advances
02021.jsonl	ai-research	AI research and technical advances
02026.jsonl	ai-multimodal	Multimodal AI capabilities
02027.jsonl	ai-multimodal	Multimodal AI capabilities
02029.jsonl	ai-general	Empty file
02030.jsonl	ai-general	Empty file
02032.jsonl	ai-general	
02033.jsonl	ai-general	
02035.jsonl	ai-open-source	Open source models and weights
02036.jsonl	ai-open-source	Open source models and weights
02044.jsonl	ai-industry-news	AI industry news and updates
02045.jsonl	ai-industry-news	AI industry news and updates
02047.jsonl	ai-general	
02048.jsonl	ai-general	
02050.jsonl	ai-open-source	Open source models and weights
02051.jsonl	ai-infrastructure	AI compute infrastructure
02053.jsonl	ai-infrastructure	AI compute infrastructure
02054.jsonl	ai-infrastructure	AI compute infrastructure
02059.jsonl	ai-open-source	Open source models and weights
02060.jsonl	ai-infrastructure	AI compute infrastructure
02062.jsonl	ai-regulation	AI regulation and policy
02063.jsonl	ai-regulation	AI regulation and policy
02077.jsonl	ai-general	Empty file
02078.jsonl	ai-general	Empty file
02080.jsonl	ai-general	Empty file
02081.jsonl	ai-general	Empty file
02083.jsonl	ai-product-launches	AI product announcements
02084.jsonl	ai-product-launches	AI product announcements
02086.jsonl	ai-open-source	Open source models and weights
02087.jsonl	ai-open-source	Open source models and weights
02092.jsonl	ai-workforce	AI impact on jobs and employment
02093.jsonl	ai-workforce	AI impact on jobs and employment
02095.jsonl	ai-workforce	AI impact on jobs and employment
02096.jsonl	ai-workforce	AI impact on jobs and employment
02098.jsonl	ai-general	Empty file
02099.jsonl	ai-general	Empty file
02101.jsonl	ai-research	AI research and technical advances
02102.jsonl	ai-research	AI research and technical advances
02104.jsonl	ai-general	Empty file
02105.jsonl	ai-general	Empty file
02110.jsonl	ai-ethics	AI ethics and bias
02111.jsonl	ai-ethics	AI ethics and bias
02113.jsonl	ai-agi	AGI and superintelligence discussion
02114.jsonl	ai-agi	AGI and superintelligence discussion
02116.jsonl	ai-general	
02117.jsonl	ai-general	
02119.jsonl	ai-product-launches	AI product announcements
02120.jsonl	ai-product-launches	AI product announcements
02122.jsonl	ai-general	
02123.jsonl	ai-general	
02128.jsonl	ai-workforce	AI impact on jobs and employment
02129.jsonl	ai-workforce	AI impact on jobs and employment
02131.jsonl	ai-open-source	Open source models and weights
02132.jsonl	ai-open-source	Open source models and weights
02134.jsonl	ai-general	Empty file
02135.jsonl	ai-general	Empty file
02137.jsonl	ai-workforce	AI impact on jobs and employment
02138.jsonl	ai-workforce	AI impact on jobs and employment
02152.jsonl	ai-workforce	AI impact on jobs and employment
02153.jsonl	ai-workforce	AI impact on jobs and employment
02158.jsonl	ai-agi	AGI and superintelligence discussion
02159.jsonl	ai-agi	AGI and superintelligence discussion
02164.jsonl	ai-general	
02165.jsonl	ai-general	
02167.jsonl	ai-workforce	AI impact on jobs and employment
02168.jsonl	ai-workforce	AI impact on jobs and employment
02170.jsonl	ai-workforce	AI impact on jobs and employment
02171.jsonl	ai-workforce	AI impact on jobs and employment
02173.jsonl	ai-general	
02174.jsonl	ai-general	
02176.jsonl	ai-infrastructure	AI compute infrastructure
02177.jsonl	ai-infrastructure	AI compute infrastructure
02185.jsonl	ai-open-source	Open source models and weights
02186.jsonl	ai-automation	AI automation and workflows
02188.jsonl	ai-ethics	AI ethics and bias
02189.jsonl	ai-ethics	AI ethics and bias
02197.jsonl	ai-developer-tools	Developer tools and frameworks
02198.jsonl	ai-developer-tools	Developer tools and frameworks
02203.jsonl	ai-regulation	AI regulation and policy
02204.jsonl	ai-regulation	AI regulation and policy
02209.jsonl	ai-infrastructure	AI compute infrastructure
02210.jsonl	ai-infrastructure	AI compute infrastructure
02218.jsonl	ai-developer-tools	Developer tools and frameworks
02219.jsonl	ai-developer-tools	Developer tools and frameworks
02221.jsonl	ai-infrastructure	AI compute infrastructure
02222.jsonl	ai-infrastructure	AI compute infrastructure
02224.jsonl	ai-agi	AGI and superintelligence discussion
02225.jsonl	ai-agi	AGI and superintelligence discussion
02227.jsonl	ai-infrastructure	AI compute infrastructure
02228.jsonl	ai-infrastructure	AI compute infrastructure
02233.jsonl	ai-infrastructure	AI compute infrastructure
02234.jsonl	ai-infrastructure	AI compute infrastructure
02236.jsonl	ai-regulation	AI regulation and policy
02237.jsonl	ai-regulation	AI regulation and policy
02239.jsonl	ai-infrastructure	AI compute infrastructure
02240.jsonl	ai-infrastructure	AI compute infrastructure
02242.jsonl	ai-product-launches	AI product announcements
02243.jsonl	ai-product-launches	AI product announcements
02257.jsonl	ai-general	Empty file
02258.jsonl	ai-general	Empty file
02260.jsonl	ai-developer-tools	Developer tools and frameworks
02261.jsonl	ai-developer-tools	Developer tools and frameworks
02263.jsonl	ai-automation	AI automation and workflows
02264.jsonl	ai-automation	AI automation and workflows
02266.jsonl	ai-workforce	AI impact on jobs and employment
02267.jsonl	ai-workforce	AI impact on jobs and employment
02269.jsonl	ai-general	Empty file
02270.jsonl	ai-general	Empty file
02281.jsonl	ai-product-launches	AI product announcements
02282.jsonl	ai-product-launches	AI product announcements
02284.jsonl	ai-workforce	AI impact on jobs and employment
02285.jsonl	ai-workforce	AI impact on jobs and employment
02293.jsonl	ai-infrastructure	AI compute infrastructure
02294.jsonl	ai-infrastructure	AI compute infrastructure
02296.jsonl	ai-ethics	AI ethics and bias
02297.jsonl	ai-ethics	AI ethics and bias
02299.jsonl	ai-research	AI research and technical advances
02300.jsonl	ai-research	AI research and technical advances
02302.jsonl	ai-open-source	Open source models and weights
02303.jsonl	ai-open-source	Open source models and weights
02305.jsonl	ai-agi	AGI and superintelligence discussion
02306.jsonl	ai-agi	AGI and superintelligence discussion
02317.jsonl	ai-automation	AI automation and workflows
02318.jsonl	ai-automation	AI automation and workflows
02323.jsonl	ai-general	Empty file
02324.jsonl	ai-general	Empty file
02326.jsonl	ai-open-source	Open source models and weights
02327.jsonl	ai-infrastructure	AI compute infrastructure
02329.jsonl	ai-general	Empty file
02330.jsonl	ai-general	Empty file
02338.jsonl	ai-automation	AI automation and workflows
02339.jsonl	ai-automation	AI automation and workflows
02341.jsonl	ai-infrastructure	AI compute infrastructure
02342.jsonl	ai-infrastructure	AI compute infrastructure
02344.jsonl	ai-general	Empty file
02345.jsonl	ai-general	Empty file
02347.jsonl	ai-general	
02348.jsonl	ai-general	
02350.jsonl	ai-infrastructure	AI compute infrastructure
02351.jsonl	ai-infrastructure	AI compute infrastructure
02353.jsonl	ai-workforce	AI impact on jobs and employment
02354.jsonl	ai-workforce	AI impact on jobs and employment
02359.jsonl	ai-automation	AI automation and workflows
02360.jsonl	ai-automation	AI automation and workflows
02365.jsonl	ai-workforce	AI impact on jobs and employment
02366.jsonl	ai-workforce	AI impact on jobs and employment
02368.jsonl	ai-workforce	AI impact on jobs and employment
02369.jsonl	ai-workforce	AI impact on jobs and employment
02371.jsonl	ai-general	Empty file
02372.jsonl	ai-general	Empty file
02374.jsonl	ai-workforce	AI impact on jobs and employment
02375.jsonl	ai-workforce	AI impact on jobs and employment
02377.jsonl	ai-developer-tools	Developer tools and frameworks
02378.jsonl	ai-developer-tools	Developer tools and frameworks
02380.jsonl	ai-developer-tools	Developer tools and frameworks
02381.jsonl	ai-developer-tools	Developer tools and frameworks
02386.jsonl	ai-open-source	Open source models and weights
02387.jsonl	ai-multimodal	Multimodal AI capabilities
02389.jsonl	ai-general	Empty file
02390.jsonl	ai-general	Empty file
02392.jsonl	ai-workforce	AI impact on jobs and employment
02393.jsonl	ai-workforce	AI impact on jobs and employment
02395.jsonl	ai-general	Empty file
02396.jsonl	ai-general	Empty file
02401.jsonl	ai-infrastructure	AI compute infrastructure
02402.jsonl	ai-infrastructure	AI compute infrastructure
02404.jsonl	ai-workforce	AI impact on jobs and employment
02405.jsonl	ai-workforce	AI impact on jobs and employment
02407.jsonl	ai-workforce	AI impact on jobs and employment
02408.jsonl	ai-workforce	AI impact on jobs and employment
02413.jsonl	ai-general	Empty file
02414.jsonl	ai-general	Empty file
02419.jsonl	ai-research	AI research and technical advances
02420.jsonl	ai-research	AI research and technical advances
02422.jsonl	ai-agi	AGI and superintelligence discussion
02423.jsonl	ai-agi	AGI and superintelligence discussion
02428.jsonl	ai-infrastructure	AI compute infrastructure
02429.jsonl	ai-infrastructure	AI compute infrastructure
02431.jsonl	ai-ethics	AI ethics and bias
02432.jsonl	ai-ethics	AI ethics and bias
02434.jsonl	ai-open-source	Open source models and weights
02435.jsonl	ai-developer-tools	Developer tools and frameworks
02440.jsonl	ai-research	AI research and technical advances
02441.jsonl	ai-research	AI research and technical advances
02443.jsonl	ai-general	Empty file
02444.jsonl	ai-general	Empty file
02446.jsonl	ai-agi	AGI and superintelligence discussion
02447.jsonl	ai-agi	AGI and superintelligence discussion
02455.jsonl	ai-ethics	AI ethics and bias
02456.jsonl	ai-ethics	AI ethics and bias
02461.jsonl	ai-general	Empty file
02462.jsonl	ai-general	Empty file
02464.jsonl	ai-open-source	Open source models and weights
02465.jsonl	ai-open-source	Open source models and weights
02470.jsonl	ai-general	Empty file
02471.jsonl	ai-general	Empty file
02476.jsonl	ai-general	Empty file
02477.jsonl	ai-general	Empty file
02479.jsonl	ai-general	Empty file
02480.jsonl	ai-general	Empty file
02482.jsonl	ai-open-source	Open source models and weights
02483.jsonl	ai-open-source	Open source models and weights
02488.jsonl	ai-open-source	Open source models and weights
02489.jsonl	ai-infrastructure	AI compute infrastructure
02494.jsonl	ai-agi	AGI and superintelligence discussion
02495.jsonl	ai-agi	AGI and superintelligence discussion
02497.jsonl	ai-research	AI research and technical advances
02498.jsonl	ai-research	AI research and technical advances
02500.jsonl	ai-ethics	AI ethics and bias
02501.jsonl	ai-ethics	AI ethics and bias
02503.jsonl	ai-general	
02504.jsonl	ai-general	
02506.jsonl	ai-infrastructure	AI compute infrastructure
02507.jsonl	ai-infrastructure	AI compute infrastructure
02512.jsonl	ai-open-source	Open source models and weights
02513.jsonl	ai-infrastructure	AI compute infrastructure
02515.jsonl	ai-general	
02516.jsonl	ai-general	
02524.jsonl	ai-general	Empty file
02525.jsonl	ai-general	Empty file
02542.jsonl	ai-research	AI research and technical advances
02543.jsonl	ai-research	AI research and technical advances
02548.jsonl	ai-infrastructure	AI compute infrastructure
02549.jsonl	ai-infrastructure	AI compute infrastructure
02551.jsonl	ai-general	Empty file
02552.jsonl	ai-general	Empty file
02560.jsonl	ai-general	Empty file
02561.jsonl	ai-general	Empty file
02569.jsonl	ai-ethics	AI ethics and bias
02570.jsonl	ai-ethics	AI ethics and bias
02578.jsonl	ai-general	Empty file
02579.jsonl	ai-general	Empty file
02581.jsonl	ai-infrastructure	AI compute infrastructure
02582.jsonl	ai-infrastructure	AI compute infrastructure
02584.jsonl	ai-general	
02585.jsonl	ai-general	
02590.jsonl	ai-general	
02591.jsonl	ai-general	
02593.jsonl	ai-regulation	AI regulation and policy
02594.jsonl	ai-regulation	AI regulation and policy
02596.jsonl	ai-developer-tools	Developer tools and frameworks
02597.jsonl	ai-developer-tools	Developer tools and frameworks
02599.jsonl	ai-infrastructure	AI compute infrastructure
02600.jsonl	ai-infrastructure	AI compute infrastructure
02602.jsonl	ai-general	
02603.jsonl	ai-general	
02605.jsonl	ai-developer-tools	Developer tools and frameworks
02606.jsonl	ai-developer-tools	Developer tools and frameworks
02614.jsonl	ai-automation	AI automation and workflows
02615.jsonl	ai-automation	AI automation and workflows
02620.jsonl	ai-general	Empty file
02621.jsonl	ai-general	Empty file
02623.jsonl	ai-agi	AGI and superintelligence discussion
02624.jsonl	ai-agi	AGI and superintelligence discussion
02626.jsonl	ai-workforce	AI impact on jobs and employment
02627.jsonl	ai-workforce	AI impact on jobs and employment
02629.jsonl	ai-general	
02630.jsonl	ai-general	
02632.jsonl	ai-multimodal	Multimodal AI capabilities
02633.jsonl	ai-multimodal	Multimodal AI capabilities
02644.jsonl	ai-agi	AGI and superintelligence discussion
02645.jsonl	ai-agi	AGI and superintelligence discussion
02647.jsonl	ai-product-launches	AI product announcements
02648.jsonl	ai-product-launches	AI product announcements
02650.jsonl	ai-infrastructure	AI compute infrastructure
02651.jsonl	ai-infrastructure	AI compute infrastructure
02653.jsonl	ai-workforce	AI impact on jobs and employment
02654.jsonl	ai-workforce	AI impact on jobs and employment
02659.jsonl	ai-general	Empty file
02660.jsonl	ai-general	Empty file
02662.jsonl	ai-general	Empty file
02663.jsonl	ai-general	Empty file
02671.jsonl	ai-regulation	AI regulation and policy
02672.jsonl	ai-regulation	AI regulation and policy
02674.jsonl	ai-regulation	AI regulation and policy
02675.jsonl	ai-regulation	AI regulation and policy
02677.jsonl	ai-developer-tools	Developer tools and frameworks
02678.jsonl	ai-developer-tools	Developer tools and frameworks
02680.jsonl	ai-agi	AGI and superintelligence discussion
02681.jsonl	ai-agi	AGI and superintelligence discussion
02683.jsonl	ai-general	Empty file
02684.jsonl	ai-general	Empty file
02686.jsonl	ai-general	
02687.jsonl	ai-general	
02689.jsonl	ai-agi	AGI and superintelligence discussion
02690.jsonl	ai-agi	AGI and superintelligence discussion
02692.jsonl	ai-general	Empty file
02693.jsonl	ai-general	Empty file
02695.jsonl	ai-open-source	Open source models and weights
02696.jsonl	ai-multimodal	Multimodal AI capabilities
02698.jsonl	ai-automation	AI automation and workflows
02699.jsonl	ai-automation	AI automation and workflows
02704.jsonl	ai-regulation	AI regulation and policy
02705.jsonl	ai-regulation	AI regulation and policy
02707.jsonl	ai-workforce	AI impact on jobs and employment
02708.jsonl	ai-workforce	AI impact on jobs and employment
02713.jsonl	ai-general	Empty file
02714.jsonl	ai-general	Empty file
02716.jsonl	ai-general	Empty file
02717.jsonl	ai-general	Empty file
02722.jsonl	ai-open-source	Open source models and weights
02723.jsonl	ai-multimodal	Multimodal AI capabilities
02725.jsonl	ai-general	
02726.jsonl	ai-general	
02728.jsonl	ai-general	Empty file
02729.jsonl	ai-general	Empty file
02731.jsonl	ai-agi	AGI and superintelligence discussion
02732.jsonl	ai-agi	AGI and superintelligence discussion
02734.jsonl	ai-ethics	AI ethics and bias
02735.jsonl	ai-ethics	AI ethics and bias
02737.jsonl	ai-general	Empty file
02738.jsonl	ai-general	Empty file
02746.jsonl	ai-multimodal	Multimodal AI capabilities
02747.jsonl	ai-multimodal	Multimodal AI capabilities
02752.jsonl	ai-general	
02753.jsonl	ai-general	
02755.jsonl	ai-infrastructure	AI compute infrastructure
02756.jsonl	ai-infrastructure	AI compute infrastructure
02758.jsonl	ai-general	Empty file
02759.jsonl	ai-general	Empty file
02767.jsonl	ai-regulation	AI regulation and policy
02768.jsonl	ai-regulation	AI regulation and policy
02770.jsonl	ai-workforce	AI impact on jobs and employment
02771.jsonl	ai-workforce	AI impact on jobs and employment
02773.jsonl	ai-general	Empty file
02774.jsonl	ai-general	Empty file
02776.jsonl	ai-automation	AI automation and workflows
02777.jsonl	ai-automation	AI automation and workflows
02779.jsonl	ai-general	Empty file
02780.jsonl	ai-general	Empty file
02791.jsonl	ai-developer-tools	Developer tools and frameworks
02792.jsonl	ai-developer-tools	Developer tools and frameworks
02794.jsonl	ai-general	
02795.jsonl	ai-general	
02797.jsonl	ai-regulation	AI regulation and policy
02798.jsonl	ai-regulation	AI regulation and policy
02803.jsonl	ai-developer-tools	Developer tools and frameworks
02804.jsonl	ai-developer-tools	Developer tools and frameworks
02806.jsonl	ai-general	
02807.jsonl	ai-general	
02809.jsonl	ai-general	Empty file
02810.jsonl	ai-general	Empty file
02821.jsonl	ai-regulation	AI regulation and policy
02822.jsonl	ai-regulation	AI regulation and policy
02830.jsonl	ai-general	Empty file
02831.jsonl	ai-general	Empty file
02833.jsonl	ai-general	Empty file
02834.jsonl	ai-general	Empty file
02839.jsonl	ai-agi	AGI and superintelligence discussion
02840.jsonl	ai-agi	AGI and superintelligence discussion
02842.jsonl	ai-ethics	AI ethics and bias
02843.jsonl	ai-ethics	AI ethics and bias
02845.jsonl	ai-workforce	AI impact on jobs and employment
02846.jsonl	ai-workforce	AI impact on jobs and employment
02851.jsonl	ai-general	
02852.jsonl	ai-general	
02854.jsonl	ai-developer-tools	Developer tools and frameworks
02855.jsonl	ai-developer-tools	Developer tools and frameworks
02857.jsonl	ai-open-source	Open source models and weights
02858.jsonl	ai-general	
02860.jsonl	ai-general	Empty file
02861.jsonl	ai-general	Empty file
02875.jsonl	ai-general	Empty file
02876.jsonl	ai-general	Empty file
02878.jsonl	ai-general	Empty file
02879.jsonl	ai-general	Empty file
02881.jsonl	ai-agi	AGI and superintelligence discussion
02882.jsonl	ai-agi	AGI and superintelligence discussion
02884.jsonl	ai-agi	AGI and superintelligence discussion
02885.jsonl	ai-agi	AGI and superintelligence discussion
02890.jsonl	ai-product-launches	AI product announcements
02891.jsonl	ai-product-launches	AI product announcements
02893.jsonl	ai-general	Empty file
02894.jsonl	ai-general	Empty file
02902.jsonl	ai-workforce	AI impact on jobs and employment
02903.jsonl	ai-workforce	AI impact on jobs and employment
02905.jsonl	ai-general	
02906.jsonl	ai-general	
02914.jsonl	ai-workforce	AI impact on jobs and employment
02915.jsonl	ai-workforce	AI impact on jobs and employment
02926.jsonl	ai-general	Empty file
02927.jsonl	ai-general	Empty file
02929.jsonl	ai-workforce	AI impact on jobs and employment
02930.jsonl	ai-workforce	AI impact on jobs and employment
02932.jsonl	ai-general	Empty file
02933.jsonl	ai-general	Empty file
02935.jsonl	ai-regulation	AI regulation and policy
02936.jsonl	ai-regulation	AI regulation and policy
02944.jsonl	ai-open-source	Open source models and weights
02945.jsonl	ai-automation	AI automation and workflows
02950.jsonl	ai-infrastructure	AI compute infrastructure
02951.jsonl	ai-infrastructure	AI compute infrastructure
02953.jsonl	ai-general	
02954.jsonl	ai-general	
02956.jsonl	ai-general	Empty file
02957.jsonl	ai-general	Empty file
02959.jsonl	ai-infrastructure	AI compute infrastructure
02960.jsonl	ai-infrastructure	AI compute infrastructure
02962.jsonl	ai-general	Empty file
02963.jsonl	ai-general	Empty file
02965.jsonl	ai-multimodal	Multimodal AI capabilities
02966.jsonl	ai-multimodal	Multimodal AI capabilities
02971.jsonl	ai-general	Empty file
02972.jsonl	ai-general	Empty file
02974.jsonl	ai-general	Empty file
02975.jsonl	ai-general	Empty file
02977.jsonl	ai-research	AI research and technical advances
02978.jsonl	ai-research	AI research and technical advances
02983.jsonl	ai-open-source	Open source models and weights
02984.jsonl	ai-open-source	Open source models and weights
02989.jsonl	ai-general	
02990.jsonl	ai-general	
02992.jsonl	ai-general	Empty file
02993.jsonl	ai-general	Empty file
02995.jsonl	ai-regulation	AI regulation and policy
02996.jsonl	ai-regulation	AI regulation and policy
03004.jsonl	ai-multimodal	Multimodal AI capabilities
03005.jsonl	ai-multimodal	Multimodal AI capabilities
03010.jsonl	ai-workforce	AI impact on jobs and employment
03011.jsonl	ai-workforce	AI impact on jobs and employment
03013.jsonl	ai-general	Empty file
03014.jsonl	ai-general	Empty file
03019.jsonl	ai-general	Empty file
03020.jsonl	ai-general	Empty file
03022.jsonl	ai-open-source	Open source models and weights
03023.jsonl	ai-research	AI research and technical advances
03031.jsonl	ai-multimodal	Multimodal AI capabilities
03032.jsonl	ai-multimodal	Multimodal AI capabilities
03040.jsonl	ai-research	AI research and technical advances
03041.jsonl	ai-research	AI research and technical advances
03049.jsonl	ai-agi	AGI and superintelligence discussion
03050.jsonl	ai-agi	AGI and superintelligence discussion
03052.jsonl	ai-general	Empty file
03053.jsonl	ai-general	Empty file
03079.jsonl	ai-infrastructure	AI compute infrastructure
03080.jsonl	ai-infrastructure	AI compute infrastructure
03088.jsonl	ai-agi	AGI and superintelligence discussion
03089.jsonl	ai-agi	AGI and superintelligence discussion
03091.jsonl	ai-agi	AGI and superintelligence discussion
03092.jsonl	ai-agi	AGI and superintelligence discussion
03103.jsonl	ai-workforce	AI impact on jobs and employment
03104.jsonl	ai-workforce	AI impact on jobs and employment
03112.jsonl	ai-research	AI research and technical advances
03113.jsonl	ai-research	AI research and technical advances
03115.jsonl	ai-open-source	Open source models and weights
03116.jsonl	ai-multimodal	Multimodal AI capabilities
03121.jsonl	ai-workforce	AI impact on jobs and employment
03122.jsonl	ai-workforce	AI impact on jobs and employment
03124.jsonl	ai-general	Empty file
03125.jsonl	ai-general	Empty file
03127.jsonl	ai-agi	AGI and superintelligence discussion
03128.jsonl	ai-agi	AGI and superintelligence discussion
03130.jsonl	ai-regulation	AI regulation and policy
03131.jsonl	ai-regulation	AI regulation and policy
03136.jsonl	ai-general	Empty file
03137.jsonl	ai-general	Empty file
03139.jsonl	ai-general	Empty file
03140.jsonl	ai-general	Empty file
03142.jsonl	ai-general	
03143.jsonl	ai-general	
03151.jsonl	ai-general	Empty file
03152.jsonl	ai-general	Empty file
03157.jsonl	ai-general	
03158.jsonl	ai-general	
03163.jsonl	ai-general	
03164.jsonl	ai-general	
03175.jsonl	ai-open-source	Open source models and weights
03176.jsonl	ai-developer-tools	Developer tools and frameworks
03181.jsonl	ai-workforce	AI impact on jobs and employment
03182.jsonl	ai-workforce	AI impact on jobs and employment
03184.jsonl	ai-workforce	AI impact on jobs and employment
03185.jsonl	ai-workforce	AI impact on jobs and employment
03190.jsonl	ai-agi	AGI and superintelligence discussion
03191.jsonl	ai-agi	AGI and superintelligence discussion
03211.jsonl	ai-open-source	Open source models and weights
03212.jsonl	ai-open-source	Open source models and weights
03214.jsonl	ai-regulation	AI regulation and policy
03215.jsonl	ai-regulation	AI regulation and policy
03217.jsonl	ai-general	Empty file
03218.jsonl	ai-general	Empty file
03220.jsonl	ai-general	Empty file
03221.jsonl	ai-general	Empty file
03232.jsonl	ai-workforce	AI impact on jobs and employment
03233.jsonl	ai-workforce	AI impact on jobs and employment
03235.jsonl	ai-workforce	AI impact on jobs and employment
03236.jsonl	ai-workforce	AI impact on jobs and employment
03244.jsonl	ai-general	
03245.jsonl	ai-general	
03247.jsonl	ai-workforce	AI impact on jobs and employment
03248.jsonl	ai-workforce	AI impact on jobs and employment
03253.jsonl	ai-open-source	Open source models and weights
03254.jsonl	ai-multimodal	Multimodal AI capabilities
03256.jsonl	ai-multimodal	Multimodal AI capabilities
03257.jsonl	ai-multimodal	Multimodal AI capabilities
03262.jsonl	ai-general	
03263.jsonl	ai-general	
03265.jsonl	ai-general	
03266.jsonl	ai-general	
03268.jsonl	ai-general	Empty file
03269.jsonl	ai-general	Empty file
03271.jsonl	ai-workforce	AI impact on jobs and employment
03272.jsonl	ai-workforce	AI impact on jobs and employment
03286.jsonl	ai-regulation	AI regulation and policy
03287.jsonl	ai-regulation	AI regulation and policy
03298.jsonl	ai-open-source	Open source models and weights
03299.jsonl	ai-open-source	Open source models and weights
03301.jsonl	ai-general	Empty file
03302.jsonl	ai-general	Empty file
03310.jsonl	ai-workforce	AI impact on jobs and employment
03311.jsonl	ai-workforce	AI impact on jobs and employment
03313.jsonl	ai-workforce	AI impact on jobs and employment
03314.jsonl	ai-workforce	AI impact on jobs and employment
03316.jsonl	ai-general	Empty file
03317.jsonl	ai-general	Empty file
03319.jsonl	ai-infrastructure	AI compute infrastructure
03320.jsonl	ai-infrastructure	AI compute infrastructure
03322.jsonl	ai-general	
03323.jsonl	ai-general	
03328.jsonl	ai-general	Empty file
03329.jsonl	ai-general	Empty file
03337.jsonl	ai-workforce	AI impact on jobs and employment
03338.jsonl	ai-workforce	AI impact on jobs and employment
03343.jsonl	ai-research	AI research and technical advances
03344.jsonl	ai-research	AI research and technical advances
03349.jsonl	ai-workforce	AI impact on jobs and employment
03350.jsonl	ai-workforce	AI impact on jobs and employment
03352.jsonl	ai-product-launches	AI product announcements
03353.jsonl	ai-product-launches	AI product announcements
03358.jsonl	ai-workforce	AI impact on jobs and employment
03359.jsonl	ai-workforce	AI impact on jobs and employment
03361.jsonl	ai-general	Empty file
03362.jsonl	ai-general	Empty file
03364.jsonl	ai-workforce	AI impact on jobs and employment
03365.jsonl	ai-workforce	AI impact on jobs and employment
03373.jsonl	ai-open-source	Open source models and weights
03374.jsonl	ai-open-source	Open source models and weights
03382.jsonl	ai-developer-tools	Developer tools and frameworks
03383.jsonl	ai-developer-tools	Developer tools and frameworks
03388.jsonl	ai-automation	AI automation and workflows
03389.jsonl	ai-automation	AI automation and workflows
03391.jsonl	ai-regulation	AI regulation and policy
03392.jsonl	ai-regulation	AI regulation and policy
03412.jsonl	ai-research	AI research and technical advances
03413.jsonl	ai-research	AI research and technical advances
03421.jsonl	ai-regulation	AI regulation and policy
03422.jsonl	ai-regulation	AI regulation and policy
03424.jsonl	ai-regulation	AI regulation and policy
03425.jsonl	ai-regulation	AI regulation and policy
03427.jsonl	ai-infrastructure	AI compute infrastructure
03428.jsonl	ai-infrastructure	AI compute infrastructure
03430.jsonl	ai-research	AI research and technical advances
03431.jsonl	ai-research	AI research and technical advances
03436.jsonl	ai-workforce	AI impact on jobs and employment
03437.jsonl	ai-workforce	AI impact on jobs and employment
03442.jsonl	ai-workforce	AI impact on jobs and employment
03443.jsonl	ai-workforce	AI impact on jobs and employment
03445.jsonl	ai-general	Empty file
03446.jsonl	ai-general	Empty file
03448.jsonl	ai-general	Empty file
03449.jsonl	ai-general	Empty file
03451.jsonl	ai-ethics	AI ethics and bias
03452.jsonl	ai-ethics	AI ethics and bias
03454.jsonl	ai-general	Empty file
03455.jsonl	ai-general	Empty file
03460.jsonl	ai-workforce	AI impact on jobs and employment
03461.jsonl	ai-workforce	AI impact on jobs and employment
03463.jsonl	ai-general	
03464.jsonl	ai-general	
03469.jsonl	ai-regulation	AI regulation and policy
03470.jsonl	ai-regulation	AI regulation and policy
03478.jsonl	ai-workforce	AI impact on jobs and employment
03479.jsonl	ai-workforce	AI impact on jobs and employment
03481.jsonl	ai-workforce	AI impact on jobs and employment
03482.jsonl	ai-workforce	AI impact on jobs and employment
03484.jsonl	ai-workforce	AI impact on jobs and employment
03485.jsonl	ai-workforce	AI impact on jobs and employment
03490.jsonl	ai-research	AI research and technical advances
03491.jsonl	ai-research	AI research and technical advances
03499.jsonl	ai-research	AI research and technical advances
03500.jsonl	ai-research	AI research and technical advances
03502.jsonl	ai-infrastructure	AI compute infrastructure
03503.jsonl	ai-infrastructure	AI compute infrastructure
03505.jsonl	ai-multimodal	Multimodal AI capabilities
03506.jsonl	ai-multimodal	Multimodal AI capabilities
03520.jsonl	ai-general	Empty file
03521.jsonl	ai-general	Empty file
03523.jsonl	ai-regulation	AI regulation and policy
03524.jsonl	ai-regulation	AI regulation and policy
03526.jsonl	ai-workforce	AI impact on jobs and employment
03527.jsonl	ai-workforce	AI impact on jobs and employment
03529.jsonl	ai-workforce	AI impact on jobs and employment
03530.jsonl	ai-workforce	AI impact on jobs and employment
03532.jsonl	ai-workforce	AI impact on jobs and employment
03533.jsonl	ai-workforce	AI impact on jobs and employment
03535.jsonl	ai-automation	AI automation and workflows
03536.jsonl	ai-automation	AI automation and workflows
03541.jsonl	ai-infrastructure	AI compute infrastructure
03542.jsonl	ai-infrastructure	AI compute infrastructure
03544.jsonl	ai-multimodal	Multimodal AI capabilities
03545.jsonl	ai-multimodal	Multimodal AI capabilities
03553.jsonl	ai-workforce	AI impact on jobs and employment
03554.jsonl	ai-workforce	AI impact on jobs and employment
03559.jsonl	ai-agi	AGI and superintelligence discussion
03560.jsonl	ai-agi	AGI and superintelligence discussion
03565.jsonl	ai-regulation	AI regulation and policy
03566.jsonl	ai-regulation	AI regulation and policy
03568.jsonl	ai-agi	AGI and superintelligence discussion
03569.jsonl	ai-agi	AGI and superintelligence discussion
03574.jsonl	ai-regulation	AI regulation and policy
03575.jsonl	ai-regulation	AI regulation and policy
03577.jsonl	ai-developer-tools	Developer tools and frameworks
03578.jsonl	ai-developer-tools	Developer tools and frameworks
03583.jsonl	ai-general	Empty file
03584.jsonl	ai-general	Empty file
03586.jsonl	ai-infrastructure	AI compute infrastructure
03587.jsonl	ai-infrastructure	AI compute infrastructure
03589.jsonl	ai-general	Empty file
03590.jsonl	ai-general	Empty file
03592.jsonl	ai-general	Empty file
03593.jsonl	ai-general	Empty file
03604.jsonl	ai-workforce	AI impact on jobs and employment
03605.jsonl	ai-workforce	AI impact on jobs and employment
03616.jsonl	ai-workforce	AI impact on jobs and employment
03617.jsonl	ai-workforce	AI impact on jobs and employment
03631.jsonl	ai-workforce	AI impact on jobs and employment
03632.jsonl	ai-workforce	AI impact on jobs and employment
03643.jsonl	ai-workforce	AI impact on jobs and employment
03644.jsonl	ai-workforce	AI impact on jobs and employment
03649.jsonl	ai-workforce	AI impact on jobs and employment
03650.jsonl	ai-workforce	AI impact on jobs and employment
03658.jsonl	ai-regulation	AI regulation and policy
03659.jsonl	ai-regulation	AI regulation and policy
03661.jsonl	ai-open-source	Open source models and weights
03662.jsonl	ai-infrastructure	AI compute infrastructure
03679.jsonl	ai-agi	AGI and superintelligence discussion
03680.jsonl	ai-agi	AGI and superintelligence discussion
03688.jsonl	ai-general	Empty file
03689.jsonl	ai-general	Empty file
03694.jsonl	ai-general	Empty file
03695.jsonl	ai-general	Empty file
03703.jsonl	ai-infrastructure	AI compute infrastructure
03704.jsonl	ai-infrastructure	AI compute infrastructure
03709.jsonl	ai-general	Empty file
03710.jsonl	ai-general	Empty file
03712.jsonl	ai-general	Empty file
03713.jsonl	ai-general	Empty file
03715.jsonl	ai-general	Empty file
03716.jsonl	ai-general	Empty file
03718.jsonl	ai-agi	AGI and superintelligence discussion
03719.jsonl	ai-agi	AGI and superintelligence discussion
03721.jsonl	ai-regulation	AI regulation and policy
03722.jsonl	ai-regulation	AI regulation and policy
03724.jsonl	ai-multimodal	Multimodal AI capabilities
03725.jsonl	ai-multimodal	Multimodal AI capabilities
03736.jsonl	ai-infrastructure	AI compute infrastructure
03737.jsonl	ai-infrastructure	AI compute infrastructure
03739.jsonl	ai-workforce	AI impact on jobs and employment
03740.jsonl	ai-workforce	AI impact on jobs and employment
03745.jsonl	ai-regulation	AI regulation and policy
03746.jsonl	ai-regulation	AI regulation and policy
03751.jsonl	ai-open-source	Open source models and weights
03752.jsonl	ai-ethics	AI ethics and bias
03766.jsonl	ai-developer-tools	Developer tools and frameworks
03767.jsonl	ai-developer-tools	Developer tools and frameworks
03769.jsonl	ai-workforce	AI impact on jobs and employment
03770.jsonl	ai-workforce	AI impact on jobs and employment
03775.jsonl	ai-open-source	Open source models and weights
03776.jsonl	ai-infrastructure	AI compute infrastructure
03784.jsonl	ai-regulation	AI regulation and policy
03785.jsonl	ai-regulation	AI regulation and policy
03796.jsonl	ai-open-source	Open source models and weights
03797.jsonl	ai-open-source	Open source models and weights
03802.jsonl	ai-workforce	AI impact on jobs and employment
03803.jsonl	ai-workforce	AI impact on jobs and employment
03808.jsonl	ai-workforce	AI impact on jobs and employment
03809.jsonl	ai-workforce	AI impact on jobs and employment
03811.jsonl	ai-open-source	Open source models and weights
03812.jsonl	ai-general	
03820.jsonl	ai-workforce	AI impact on jobs and employment
03821.jsonl	ai-workforce	AI impact on jobs and employment
03826.jsonl	ai-product-launches	AI product announcements
03827.jsonl	ai-product-launches	AI product announcements
03829.jsonl	ai-agi	AGI and superintelligence discussion
03830.jsonl	ai-agi	AGI and superintelligence discussion
03832.jsonl	ai-research	AI research and technical advances
03833.jsonl	ai-research	AI research and technical advances
03835.jsonl	ai-ethics	AI ethics and bias
03836.jsonl	ai-ethics	AI ethics and bias
03847.jsonl	ai-workforce	AI impact on jobs and employment
03848.jsonl	ai-workforce	AI impact on jobs and employment
03853.jsonl	ai-workforce	AI impact on jobs and employment
03854.jsonl	ai-workforce	AI impact on jobs and employment
03865.jsonl	ai-workforce	AI impact on jobs and employment
03866.jsonl	ai-workforce	AI impact on jobs and employment
03874.jsonl	ai-multimodal	Multimodal AI capabilities
03875.jsonl	ai-multimodal	Multimodal AI capabilities
03877.jsonl	ai-developer-tools	Developer tools and frameworks
03878.jsonl	ai-developer-tools	Developer tools and frameworks
03880.jsonl	ai-general	Empty file
03881.jsonl	ai-general	Empty file
03883.jsonl	ai-workforce	AI impact on jobs and employment
03884.jsonl	ai-workforce	AI impact on jobs and employment
03886.jsonl	ai-general	Empty file
03887.jsonl	ai-general	Empty file
03895.jsonl	ai-product-launches	AI product announcements
03896.jsonl	ai-product-launches	AI product announcements
03898.jsonl	ai-workforce	AI impact on jobs and employment
03899.jsonl	ai-workforce	AI impact on jobs and employment
03904.jsonl	ai-infrastructure	AI compute infrastructure
03905.jsonl	ai-infrastructure	AI compute infrastructure
03919.jsonl	ai-general	Empty file
03920.jsonl	ai-general	Empty file
03922.jsonl	ai-general	
03923.jsonl	ai-general	
03928.jsonl	ai-general	
03929.jsonl	ai-general	
03937.jsonl	ai-infrastructure	AI compute infrastructure
03938.jsonl	ai-infrastructure	AI compute infrastructure
03940.jsonl	ai-workforce	AI impact on jobs and employment
03941.jsonl	ai-workforce	AI impact on jobs and employment
03943.jsonl	ai-open-source	Open source models and weights
03944.jsonl	ai-open-source	Open source models and weights
03949.jsonl	ai-general	Empty file
03950.jsonl	ai-general	Empty file
03952.jsonl	ai-product-launches	AI product announcements
03953.jsonl	ai-product-launches	AI product announcements
03961.jsonl	ai-general	
03962.jsonl	ai-general	
03964.jsonl	ai-workforce	AI impact on jobs and employment
03965.jsonl	ai-workforce	AI impact on jobs and employment
03967.jsonl	ai-workforce	AI impact on jobs and employment
03968.jsonl	ai-workforce	AI impact on jobs and employment
03970.jsonl	ai-open-source	Open source models and weights
03971.jsonl	ai-open-source	Open source models and weights
03976.jsonl	ai-automation	AI automation and workflows
03977.jsonl	ai-automation	AI automation and workflows
03979.jsonl	ai-regulation	AI regulation and policy
03980.jsonl	ai-regulation	AI regulation and policy
03994.jsonl	ai-workforce	AI impact on jobs and employment
03995.jsonl	ai-workforce	AI impact on jobs and employment
03997.jsonl	ai-open-source	Open source models and weights
03998.jsonl	ai-open-source	Open source models and weights
04000.jsonl	ai-open-source	Open source models and weights
04054.jsonl	ai-workforce	AI impact on jobs and employment
04055.jsonl	ai-workforce	AI impact on jobs and employment
04056.md	ai-general	
04195.jsonl	ai-developer-tools	Developer tools and frameworks
04196.jsonl	ai-developer-tools	Developer tools and frameworks
04197.md	ai-developer-tools	Developer tools and frameworks
04718.jsonl	ai-regulation	AI regulation and policy
04719.jsonl	ai-regulation	AI regulation and policy
04720.md	ai-research	AI research and technical advances
04775.jsonl	ai-regulation	AI regulation and policy
04776.jsonl	ai-regulation	AI regulation and policy
04777.md	ai-agi	AGI and superintelligence discussion
04787.jsonl	ai-infrastructure	AI compute infrastructure
04788.jsonl	ai-infrastructure	AI compute infrastructure
04789.md	ai-infrastructure	AI compute infrastructure
04793.jsonl	ai-workforce	AI impact on jobs and employment
04794.jsonl	ai-workforce	AI impact on jobs and employment
04795.md	ai-regulation	AI regulation and policy
04808.jsonl	ai-regulation	AI regulation and policy
04809.jsonl	ai-regulation	AI regulation and policy
04810.md	ai-multimodal	Multimodal AI capabilities
05243.jsonl	ai-workforce	AI impact on jobs and employment
05244.jsonl	ai-workforce	AI impact on jobs and employment
05245.md	ai-workforce	AI impact on jobs and employment
05267.jsonl	ai-open-source	Open source models and weights
05268.jsonl	ai-general	
05269.md	ai-product-launches	AI product announcements
05336.jsonl	ai-open-source	Open source models and weights
05337.jsonl	ai-product-launches	AI product announcements
05338.md	ai-product-launches	AI product announcements
05354.jsonl	ai-general	Empty file
05355.jsonl	ai-general	Empty file
05356.md	ai-research	AI research and technical advances
05783.jsonl	ai-infrastructure	AI compute infrastructure
05784.jsonl	ai-infrastructure	AI compute infrastructure
05785.md	ai-research	AI research and technical advances
05903.jsonl	ai-general	Empty file
05904.jsonl	ai-general	Empty file
05905.md	ai-general	
06152.jsonl	ai-general	Empty file
06153.jsonl	ai-general	Empty file
06154.md	ai-general	
06311.jsonl	ai-general	Empty file
06312.jsonl	ai-general	Empty file
06313.md	ai-general	
06551.jsonl	ai-research	AI research and technical advances
06552.jsonl	ai-research	AI research and technical advances
06553.md	ai-research	AI research and technical advances
07025.jsonl	ai-ethics	AI ethics and bias
07026.jsonl	ai-ethics	AI ethics and bias
07027.md	ai-general	
07289.jsonl	ai-general	Empty file
07290.jsonl	ai-general	Empty file
07291.md	ai-workforce	AI impact on jobs and employment
07298.jsonl	ai-multimodal	Multimodal AI capabilities
07299.jsonl	ai-multimodal	Multimodal AI capabilities
07300.md	ai-developer-tools	Developer tools and frameworks
07385.jsonl	ai-open-source	Open source models and weights
07386.jsonl	ai-general	
07387.md	ai-regulation	AI regulation and policy
07571.jsonl	ai-open-source	Open source models and weights
07572.jsonl	ai-open-source	Open source models and weights
07573.md	ai-infrastructure	AI compute infrastructure
07628.jsonl	ai-workforce	AI impact on jobs and employment
07629.jsonl	ai-workforce	AI impact on jobs and employment
07630.md	ai-general	
07769.jsonl	ai-developer-tools	Developer tools and frameworks
07770.jsonl	ai-developer-tools	Developer tools and frameworks
07771.md	ai-developer-tools	Developer tools and frameworks
09390.md	ai-agi	AGI and superintelligence discussion
09512.md	ai-infrastructure	AI compute infrastructure
09537.md	ai-research	AI research and technical advances
09824.md	ai-research	AI research and technical advances
10001.md	ai-product-launches	AI product announcements
10004.md	ai-product-launches	AI product announcements
10013.md	ai-infrastructure	AI compute infrastructure
10026.md	ai-product-launches	AI product announcements
10028.md	ai-product-launches	AI product announcements
10030.md	ai-workforce	AI impact on jobs and employment
10038.md	ai-ethics	AI ethics and bias
10049.md	ai-agi	AGI and superintelligence discussion
10051.md	ai-agi	AGI and superintelligence discussion
10055.md	ai-workforce	AI impact on jobs and employment
10056.md	ai-product-launches	AI product announcements
10059.md	ai-product-launches	AI product announcements
10060.md	ai-agi	AGI and superintelligence discussion
10062.md	ai-infrastructure	AI compute infrastructure
10066.md	ai-workforce	AI impact on jobs and employment
10067.md	ai-workforce	AI impact on jobs and employment
10073.md	ai-agi	AGI and superintelligence discussion
10078.md	ai-workforce	AI impact on jobs and employment
10083.md	ai-product-launches	AI product announcements
10091.md	ai-developer-tools	Developer tools and frameworks
10100.md	ai-workforce	AI impact on jobs and employment
10108.md	ai-regulation	AI regulation and policy
10121.md	ai-automation	AI automation and workflows
10133.md	ai-research	AI research and technical advances
10134.md	ai-workforce	AI impact on jobs and employment
10135.md	ai-workforce	AI impact on jobs and employment
10141.md	ai-regulation	AI regulation and policy
10148.md	ai-workforce	AI impact on jobs and employment
10149.md	ai-product-launches	AI product announcements
10150.md	ai-product-launches	AI product announcements
10151.md	ai-regulation	AI regulation and policy
10152.md	ai-ethics	AI ethics and bias
10153.md	ai-product-launches	AI product announcements
10154.md	ai-workforce	AI impact on jobs and employment
10155.md	ai-product-launches	AI product announcements
10156.md	ai-open-source	Open source models and weights
10161.md	ai-product-launches	AI product announcements
10167.md	ai-workforce	AI impact on jobs and employment
10168.md	ai-product-launches	AI product announcements
10169.md	ai-product-launches	AI product announcements
10170.md	ai-agi	AGI and superintelligence discussion
10178.md	ai-regulation	AI regulation and policy
10179.md	ai-multimodal	Multimodal AI capabilities
10184.md	ai-workforce	AI impact on jobs and employment
10202.md	ai-product-launches	AI product announcements
10214.md	ai-workforce	AI impact on jobs and employment
10215.md	ai-workforce	AI impact on jobs and employment
10221.md	ai-regulation	AI regulation and policy
10223.md	ai-workforce	AI impact on jobs and employment
10238.md	ai-regulation	AI regulation and policy
10255.md	ai-infrastructure	AI compute infrastructure
10256.md	ai-open-source	Open source models and weights
10258.md	ai-product-launches	AI product announcements
10263.md	ai-regulation	AI regulation and policy
10278.md	ai-workforce	AI impact on jobs and employment
10287.md	ai-regulation	AI regulation and policy
10289.md	ai-regulation	AI regulation and policy
10292.md	ai-regulation	AI regulation and policy
10297.md	ai-multimodal	Multimodal AI capabilities
10298.md	ai-regulation	AI regulation and policy
10318.md	ai-product-launches	AI product announcements
10330.md	ai-regulation	AI regulation and policy
10331.md	ai-ethics	AI ethics and bias
10341.md	ai-regulation	AI regulation and policy
10342.md	ai-regulation	AI regulation and policy
10345.md	ai-workforce	AI impact on jobs and employment
10346.md	ai-product-launches	AI product announcements
10349.md	ai-regulation	AI regulation and policy
10350.md	ai-regulation	AI regulation and policy
10356.md	ai-infrastructure	AI compute infrastructure
10365.md	ai-workforce	AI impact on jobs and employment
10371.md	ai-regulation	AI regulation and policy
10373.md	ai-product-launches	AI product announcements
10376.md	ai-regulation	AI regulation and policy
10385.md	ai-regulation	AI regulation and policy
10390.md	ai-workforce	AI impact on jobs and employment
10394.md	ai-multimodal	Multimodal AI capabilities
10403.md	ai-research	AI research and technical advances
10406.md	ai-product-launches	AI product announcements
10419.md	ai-regulation	AI regulation and policy
10432.md	ai-regulation	AI regulation and policy
10437.md	ai-agi	AGI and superintelligence discussion
10438.md	ai-product-launches	AI product announcements
10442.md	ai-regulation	AI regulation and policy
10443.md	ai-regulation	AI regulation and policy
10447.md	ai-product-launches	AI product announcements
10449.md	ai-product-launches	AI product announcements
10476.md	ai-agi	AGI and superintelligence discussion
10494.md	ai-regulation	AI regulation and policy
10496.md	ai-regulation	AI regulation and policy
10498.md	ai-research	AI research and technical advances
10502.md	ai-automation	AI automation and workflows
10506.md	ai-automation	AI automation and workflows
10515.md	ai-multimodal	Multimodal AI capabilities
10517.md	ai-regulation	AI regulation and policy
10519.md	ai-product-launches	AI product announcements
10520.md	ai-regulation	AI regulation and policy
10527.md	ai-regulation	AI regulation and policy
10529.md	ai-product-launches	AI product announcements
10531.md	ai-regulation	AI regulation and policy
10533.md	ai-workforce	AI impact on jobs and employment
10534.md	ai-product-launches	AI product announcements
10537.md	ai-agi	AGI and superintelligence discussion
10539.md	ai-workforce	AI impact on jobs and employment
10545.md	ai-regulation	AI regulation and policy
10553.md	ai-regulation	AI regulation and policy
10571.md	ai-regulation	AI regulation and policy
10574.md	ai-regulation	AI regulation and policy
10590.md	ai-automation	AI automation and workflows
10603.md	ai-regulation	AI regulation and policy
10618.md	ai-regulation	AI regulation and policy
10639.md	ai-regulation	AI regulation and policy
10641.md	ai-infrastructure	AI compute infrastructure
10644.md	ai-automation	AI automation and workflows
10649.md	ai-agi	AGI and superintelligence discussion
10666.md	ai-infrastructure	AI compute infrastructure
10675.md	ai-automation	AI automation and workflows
10710.md	ai-regulation	AI regulation and policy
10724.md	ai-product-launches	AI product announcements
10738.md	ai-workforce	AI impact on jobs and employment
10741.md	ai-product-launches	AI product announcements
10747.md	ai-product-launches	AI product announcements
10752.md	ai-research	AI research and technical advances
10756.md	ai-general	
10775.md	ai-workforce	AI impact on jobs and employment
10781.md	ai-regulation	AI regulation and policy
10788.md	ai-automation	AI automation and workflows
10789.md	ai-multimodal	Multimodal AI capabilities
10802.md	ai-regulation	AI regulation and policy
10805.md	ai-general	
10806.md	ai-regulation	AI regulation and policy
10814.md	ai-multimodal	Multimodal AI capabilities
10816.md	ai-product-launches	AI product announcements
10818.md	ai-workforce	AI impact on jobs and employment
10820.md	ai-automation	AI automation and workflows
10824.md	ai-multimodal	Multimodal AI capabilities
10838.md	ai-ethics	AI ethics and bias
10839.md	ai-workforce	AI impact on jobs and employment
10841.md	ai-multimodal	Multimodal AI capabilities
10843.md	ai-product-launches	AI product announcements
10844.md	ai-product-launches	AI product announcements
10859.md	ai-regulation	AI regulation and policy
10865.md	ai-regulation	AI regulation and policy
10867.md	ai-infrastructure	AI compute infrastructure
10880.md	ai-infrastructure	AI compute infrastructure
10892.md	ai-general	
10904.md	ai-regulation	AI regulation and policy
10914.md	ai-product-launches	AI product announcements
10961.md	ai-workforce	AI impact on jobs and employment
10981.md	ai-product-launches	AI product announcements
10983.md	ai-regulation	AI regulation and policy
10984.md	ai-product-launches	AI product announcements
10985.md	ai-workforce	AI impact on jobs and employment
10989.md	ai-workforce	AI impact on jobs and employment
10990.md	ai-regulation	AI regulation and policy
