00317.md	sn-session-log	Session/execution log
00362.md	sn-session-log	Session/execution log
00364.md	sn-session-log	Session/execution log
00419.md	sn-blitzkrieg	Blitzkrieg or parallel execution plan
00535.md	sn-session-log	Session/execution log
00551.md	sn-session-log	Session/execution log
00552.md	sn-session-log	Session/execution log
00553.md	sn-session-log	Session/execution log
00554.md	sn-session-log	Session/execution log
00555.md	sn-session-log	Session/execution log
00556.md	sn-session-log	Session/execution log
00558.md	sn-session-log	Session/execution log
00563.md	sn-session-log	Session/execution log
00564.md	sn-session-log	Session/execution log
00567.md	sn-session-log	Session/execution log
00569.md	sn-session-log	Session/execution log
00571.md	sn-session-log	Session/execution log
00579.md	sn-session-log	Session/execution log
00580.md	sn-session-log	Session/execution log
00582.md	sn-session-log	Session/execution log
00583.md	sn-session-log	Session/execution log
00584.md	sn-session-log	Session/execution log
00585.md	sn-session-log	Session/execution log
00586.md	sn-session-log	Session/execution log
00587.md	sn-session-log	Session/execution log
00590.md	sn-session-log	Session/execution log
00599.md	sn-session-log	Session/execution log
00604.md	sn-session-log	Session/execution log
00609.md	sn-session-log	Session/execution log
00614.md	sn-session-log	Session/execution log
00615.md	sn-session-log	Session/execution log
00616.md	sn-session-log	Session/execution log
00617.md	sn-session-log	Session/execution log
00618.md	sn-session-log	Session/execution log
00622.md	sn-session-log	Session/execution log
00627.md	sn-session-log	Session/execution log
00629.md	sn-session-log	Session/execution log
00636.md	sn-session-log	Session/execution log
00637.md	sn-session-log	Session/execution log
00638.md	sn-session-log	Session/execution log
00639.md	sn-session-log	Session/execution log
00640.md	sn-session-log	Session/execution log
00644.md	sn-session-log	Session/execution log
00645.md	sn-session-log	Session/execution log
00646.md	sn-session-log	Session/execution log
00647.md	sn-session-log	Session/execution log
00648.md	sn-session-log	Session/execution log
00651.md	sn-session-log	Session/execution log
00654.md	sn-session-log	Session/execution log
00655.md	sn-session-log	Session/execution log
00656.md	sn-session-log	Session/execution log
00657.md	sn-session-log	Session/execution log
00659.md	sn-session-log	Session/execution log
00660.md	sn-session-log	Session/execution log
00661.md	sn-session-log	Session/execution log
00663.md	sn-session-log	Session/execution log
00664.md	sn-session-log	Session/execution log
00689.md	sn-blitzkrieg	Blitzkrieg or parallel execution plan
00743.md	sn-operational-cruft	Research/reference material
00755.md	sn-operational-cruft	Research/reference material
00756.md	sn-operational-cruft	Research/reference material
00804.md	sn-blitzkrieg	Blitzkrieg or parallel execution plan
00808.md	sn-blitzkrieg	Blitzkrieg or parallel execution plan
00821.md	sn-operational-cruft	Research/reference material
00832.md	sn-operational-cruft	Research/reference material
00833.md	sn-operational-cruft	Research/reference material
00972.log	sn-session-log	Session/execution log
00993.log	sn-operational-cruft	Social media/discussion content
00994.log	sn-operational-cruft	Research/reference material
01000.log	sn-dispatch	Dispatch or handoff package
01037.log	sn-operational-cruft	Tutorial or reference guide
08006.jsonl	sn-operational-cruft	Empty file
08007.jsonl	sn-operational-cruft	Empty file
08049.md	sn-operational-cruft	Research/reference material
08051.md	sn-operational-cruft	Social media/discussion content
08052.md	sn-operational-cruft	Social media/discussion content
08053.md	sn-session-log	Session/execution log
08054.md	sn-operational-cruft	Research/reference material
08055.md	sn-operational-cruft	Tutorial or reference guide
08057.md	sn-operational-cruft	Tutorial or reference guide
08059.md	sn-operational-cruft	Tutorial or reference guide
08060.csv	sn-operational-cruft	Research/reference material
08063.txt	sn-operational-cruft	Research article (Clawdbot/Moltbot)
08067.md	sn-operational-cruft	Tutorial or reference guide
08072.txt	sn-operational-cruft	Research/reference material
08073.md	sn-operational-cruft	Tutorial or reference guide
08076.md	sn-operational-cruft	Social media/discussion content
08077.md	sn-operational-cruft	Social media/discussion content
08086.md	sn-blitzkrieg	Blitzkrieg or parallel execution plan
08087.md	sn-blitzkrieg	Blitzkrieg or parallel execution plan
08105.txt	sn-operational-cruft	Research article (Clawdbot/Moltbot)
08106.md	sn-operational-cruft	Research/reference material
08108.md	sn-operational-cruft	Social media/discussion content
08110.md	sn-operational-cruft	Research article (Clawdbot/Moltbot)
08114.md	sn-operational-cruft	Research article (Clawdbot/Moltbot)
08118.md	sn-operational-cruft	Research article (Clawdbot/Moltbot)
08119.md	sn-operational-cruft	Research article (Clawdbot/Moltbot)
08120.md	sn-operational-cruft	Research article (Clawdbot/Moltbot)
08121.md	sn-operational-cruft	Research article (Clawdbot/Moltbot)
08122.md	sn-operational-cruft	Research article (Clawdbot/Moltbot)
08124.md	sn-operational-cruft	Research article (Clawdbot/Moltbot)
08150.md	sn-operational-cruft	Research article (Clawdbot/Moltbot)
08151.md	sn-operational-cruft	Research article (Clawdbot/Moltbot)
08152.md	sn-operational-cruft	Research article (Clawdbot/Moltbot)
08153.md	sn-operational-cruft	Research article (Clawdbot/Moltbot)
08158.md	sn-operational-cruft	Tutorial or reference guide
08165.md	sn-operational-cruft	Research article (Clawdbot/Moltbot)
08168.md	sn-operational-cruft	Tutorial or reference guide
08169.md	sn-operational-cruft	Tutorial or reference guide
08170.md	sn-operational-cruft	Tutorial or reference guide
08187.md	sn-operational-cruft	Tutorial or reference guide
08188.md	sn-operational-cruft	Tutorial or reference guide
08189.md	sn-operational-cruft	Social media/discussion content
08194.md	sn-operational-cruft	Research/reference material
08197.md	sn-operational-cruft	Tutorial or reference guide
08201.md	sn-operational-cruft	Tutorial or reference guide
08202.md	sn-operational-cruft	Social media/discussion content
08203.md	sn-operational-cruft	Social media/discussion content
08213.md	sn-operational-cruft	Tutorial or reference guide
08214.md	sn-operational-cruft	Research/reference material
08215.md	sn-operational-cruft	Tutorial or reference guide
08218.md	sn-operational-cruft	Tutorial or reference guide
08220.md	sn-operational-cruft	Tutorial or reference guide
08222.md	sn-operational-cruft	Tutorial or reference guide
08224.md	sn-operational-cruft	Research/reference material
08225.md	sn-operational-cruft	Tutorial or reference guide
08228.md	sn-operational-cruft	Tutorial or reference guide
08238.md	sn-blitzkrieg	Blitzkrieg or parallel execution plan
08242.md	sn-operational-cruft	Tutorial or reference guide
08248.md	sn-blitzkrieg	Blitzkrieg or parallel execution plan
08249.md	sn-operational-cruft	Research/reference material
08250.md	sn-operational-cruft	Research/reference material
08251.md	sn-operational-cruft	Tutorial or reference guide
08252.md	sn-operational-cruft	Tutorial or reference guide
08253.md	sn-operational-cruft	Research/reference material
08254.md	sn-operational-cruft	Social media/discussion content
08255.md	sn-operational-cruft	Social media/discussion content
08256.md	sn-operational-cruft	Social media/discussion content
08258.md	sn-operational-cruft	Social media/discussion content
08261.md	sn-operational-cruft	Social media/discussion content
08262.md	sn-operational-cruft	Research/reference material
08263.md	sn-operational-cruft	Social media/discussion content
08265.md	sn-operational-cruft	Social media/discussion content
08266.md	sn-operational-cruft	Research/reference material
08268.md	sn-operational-cruft	Social media/discussion content
08269.md	sn-operational-cruft	Tutorial or reference guide
08271.md	sn-operational-cruft	Social media/discussion content
08274.md	sn-operational-cruft	Research/reference material
08275.md	sn-operational-cruft	Research/reference material
08277.md	sn-operational-cruft	Social media/discussion content
08283.md	sn-operational-cruft	Social media/discussion content
08290.md	sn-operational-cruft	Tutorial or reference guide
08294.md	sn-operational-cruft	Tutorial or reference guide
08296.md	sn-operational-cruft	Research/reference material
08303.md	sn-operational-cruft	Tutorial or reference guide
08307.md	sn-operational-cruft	Tutorial or reference guide
08310.md	sn-operational-cruft	Tutorial or reference guide
08313.md	sn-operational-cruft	Social media/discussion content
08316.md	sn-operational-cruft	Tutorial or reference guide
08317.md	sn-operational-cruft	Research/reference material
08318.md	sn-operational-cruft	Tutorial or reference guide
08320.md	sn-operational-cruft	Research/reference material
08321.md	sn-operational-cruft	Social media/discussion content
08335.md	sn-operational-cruft	Tutorial or reference guide
08337.md	sn-operational-cruft	Tutorial or reference guide
08342.md	sn-operational-cruft	Social media/discussion content
08344.md	sn-operational-cruft	Research article (Clawdbot/Moltbot)
08345.md	sn-operational-cruft	Tutorial or reference guide
08346.md	sn-operational-cruft	Social media/discussion content
08352.md	sn-operational-cruft	Tutorial or reference guide
08357.md	sn-operational-cruft	Tutorial or reference guide
08358.md	sn-operational-cruft	Tutorial or reference guide
08362.md	sn-operational-cruft	Social media/discussion content
08363.md	sn-operational-cruft	Tutorial or reference guide
08364.md	sn-operational-cruft	Social media/discussion content
08365.md	sn-operational-cruft	Social media/discussion content
08366.md	sn-operational-cruft	Tutorial or reference guide
08369.md	sn-operational-cruft	Tutorial or reference guide
08372.md	sn-operational-cruft	Tutorial or reference guide
08374.md	sn-operational-cruft	Social media/discussion content
08376.md	sn-operational-cruft	Tutorial or reference guide
08377.md	sn-operational-cruft	Social media/discussion content
08379.md	sn-operational-cruft	Tutorial or reference guide
08383.md	sn-operational-cruft	Social media/discussion content
08385.md	sn-blitzkrieg	Blitzkrieg or parallel execution plan
08388.md	sn-operational-cruft	Research/reference material
08391.md	sn-operational-cruft	Tutorial or reference guide
08398.md	sn-operational-cruft	Research/reference material
08399.md	sn-operational-cruft	Tutorial or reference guide
08400.md	sn-blitzkrieg	Blitzkrieg or parallel execution plan
08401.md	sn-blitzkrieg	Blitzkrieg or parallel execution plan
08406.md	sn-operational-cruft	Tutorial or reference guide
08408.md	sn-operational-cruft	Tutorial or reference guide
08411.md	sn-operational-cruft	Social media/discussion content
08413.md	sn-operational-cruft	Tutorial or reference guide
08417.md	sn-session-log	Session/execution log
08420.md	sn-operational-cruft	Tutorial or reference guide
08426.md	sn-operational-cruft	Research/reference material
08430.md	sn-session-log	Session/execution log
08438.md	sn-session-log	Session/execution log
08439.md	sn-operational-cruft	Tutorial or reference guide
08440.md	sn-blitzkrieg	Blitzkrieg or parallel execution plan
08441.md	sn-operational-cruft	Research/reference material
08442.md	sn-operational-cruft	Research/reference material
08443.md	sn-blitzkrieg	Blitzkrieg or parallel execution plan
08444.md	sn-operational-cruft	Research/reference material
08445.md	sn-operational-cruft	Research/reference material
08446.md	sn-operational-cruft	Research/reference material
08447.md	sn-operational-cruft	Research/reference material
08448.md	sn-operational-cruft	Research/reference material
08449.md	sn-operational-cruft	Research/reference material
08451.md	sn-operational-cruft	Research/reference material
08453.md	sn-operational-cruft	Social media/discussion content
08454.md	sn-operational-cruft	Research/reference material
08455.md	sn-operational-cruft	Research/reference material
08456.md	sn-operational-cruft	Tutorial or reference guide
08457.md	sn-operational-cruft	Research/reference material
08458.md	sn-operational-cruft	Research/reference material
08459.md	sn-operational-cruft	Research/reference material
08460.md	sn-operational-cruft	Research/reference material
08461.md	sn-operational-cruft	Research/reference material
08464.md	sn-operational-cruft	Research/reference material
08465.md	sn-operational-cruft	Research/reference material
08467.md	sn-operational-cruft	Research/reference material
08469.md	sn-operational-cruft	Research/reference material
08474.md	sn-operational-cruft	Research/reference material
08475.md	sn-operational-cruft	Tutorial or reference guide
08476.md	sn-operational-cruft	Tutorial or reference guide
08479.md	sn-operational-cruft	Tutorial or reference guide
08480.md	sn-operational-cruft	Social media/discussion content
08481.md	sn-blitzkrieg	Blitzkrieg or parallel execution plan
08554.md	sn-sovereign	Sovereign directive or decision
08557.md	sn-operational-cruft	Research/reference material
08559.md	sn-operational-cruft	Tutorial or reference guide
08561.md	sn-operational-cruft	Tutorial or reference guide
08563.md	sn-operational-cruft	Tutorial or reference guide
08574.md	sn-session-log	Session/execution log
08575.md	sn-operational-cruft	Research/reference material
08576.md	sn-operational-cruft	Tutorial or reference guide
08579.md	sn-operational-cruft	Tutorial or reference guide
08620.md	sn-session-log	Session/execution log
08631.md	sn-operational-cruft	Empty file
08648.md	sn-session-log	Session/execution log
08655.md	sn-session-log	Session/execution log
08663.md	sn-operational-cruft	Tutorial or reference guide
08666.md	sn-memory	Agent memory or context file
08671.md	sn-operational-cruft	Tutorial or reference guide
08674.csv	sn-operational-cruft	Research/reference material
08680.md	sn-operational-cruft	Tutorial or reference guide
08682.md	sn-blitzkrieg	Blitzkrieg or parallel execution plan
08683.md	sn-operational-cruft	Research/reference material
08690.md	sn-blitzkrieg	Blitzkrieg or parallel execution plan
08695.md	sn-operational-cruft	Social media/discussion content
08713.md	sn-session-log	Session/execution log
08718.md	sn-operational-cruft	Research/reference material
08724.txt	sn-operational-cruft	Research article (Clawdbot/Moltbot)
08735.md	sn-sovereign	Sovereign directive or decision
08739.md	sn-operational-cruft	Social media/discussion content
08740.md	sn-operational-cruft	Tutorial or reference guide
08741.md	sn-operational-cruft	Research/reference material
08743.md	sn-operational-cruft	Tutorial or reference guide
08744.md	sn-operational-cruft	Research/reference material
08746.md	sn-operational-cruft	Tutorial or reference guide
08747.md	sn-operational-cruft	Tutorial or reference guide
08748.md	sn-operational-cruft	Tutorial or reference guide
08750.md	sn-operational-cruft	Tutorial or reference guide
08754.md	sn-operational-cruft	Tutorial or reference guide
08755.md	sn-operational-cruft	Tutorial or reference guide
08756.md	sn-operational-cruft	Tutorial or reference guide
08759.md	sn-operational-cruft	Tutorial or reference guide
08762.md	sn-blitzkrieg	Blitzkrieg or parallel execution plan
08763.md	sn-operational-cruft	Tutorial or reference guide
08773.md	sn-operational-cruft	Tutorial or reference guide
08801.md	sn-operational-cruft	Research/reference material
08806.md	sn-operational-cruft	Tutorial or reference guide
08816.md	sn-blitzkrieg	Blitzkrieg or parallel execution plan
08818.md	sn-session-log	Session/execution log
08819.md	sn-operational-cruft	Research/reference material
08820.md	sn-operational-cruft	Tutorial or reference guide
08822.md	sn-operational-cruft	Tutorial or reference guide
08826.md	sn-blitzkrieg	Blitzkrieg or parallel execution plan
08828.md	sn-operational-cruft	Tutorial or reference guide
08838.md	sn-operational-cruft	Tutorial or reference guide
08852.md	sn-operational-cruft	Research/reference material
08898.md	sn-dispatch	Dispatch or handoff package
08904.md	sn-session-log	Session/execution log
08922.md	sn-operational-cruft	Social media/discussion content
08936.md	sn-session-log	Session/execution log
08949.md	sn-session-log	Session/execution log
08969.md	sn-audit	Audit or quality review
08970.md	sn-session-log	Session/execution log
08971.md	sn-session-log	Session/execution log
08991.md	sn-operational-cruft	Research/reference material
08992.md	sn-operational-cruft	Stub/minimal content
08993.md	sn-operational-cruft	Stub/minimal content
08994.md	sn-operational-cruft	Stub/minimal content
08997.md	sn-operational-cruft	Research/reference material
09000.md	sn-operational-cruft	Research/reference material
09003.md	sn-blitzkrieg	Blitzkrieg or parallel execution plan
09016.md	sn-operational-cruft	Empty file
09017.md	sn-session-log	Session/execution log
09026.md	sn-session-log	Session/execution log
09029.md	sn-session-log	Session/execution log
09031.md	sn-session-log	Session/execution log
09035.md	sn-session-log	Session/execution log
09043.md	sn-session-log	Session/execution log
09047.md	sn-session-log	Session/execution log
09050.md	sn-session-log	Session/execution log
09051.md	sn-session-log	Session/execution log
09052.md	sn-session-log	Session/execution log
09053.md	sn-session-log	Session/execution log
09060.md	sn-operational-cruft	Research/reference material
09061.md	sn-audit	Audit or quality review
09063.md	sn-inbox	Inbox or inbound items
09064.md	sn-blitzkrieg	Blitzkrieg or parallel execution plan
09065.md	sn-blitzkrieg	Blitzkrieg or parallel execution plan
09066.md	sn-blitzkrieg	Blitzkrieg or parallel execution plan
09075.md	sn-session-log	Session/execution log
09125.md	sn-operational-cruft	Tutorial or reference guide
10338.md	sn-operational-cruft	Research article (Clawdbot/Moltbot)
10405.md	sn-operational-cruft	Tutorial or reference guide
10407.md	sn-operational-cruft	Tutorial or reference guide
10467.md	sn-operational-cruft	Social media/discussion content
10554.md	sn-operational-cruft	Tutorial or reference guide
10605.md	sn-operational-cruft	Tutorial or reference guide
10622.md	sn-operational-cruft	Research/reference material
10718.md	sn-operational-cruft	Social media/discussion content
10755.md	sn-operational-cruft	Tutorial or reference guide
10785.md	sn-operational-cruft	Research article (Clawdbot/Moltbot)
10907.md	sn-operational-cruft	Research/reference material
10909.md	sn-operational-cruft	Unclassified content
11057.md	sn-operational-cruft	Research/reference material
11070.md	sn-blitzkrieg	Blitzkrieg or parallel execution plan
11079.md	sn-sovereign	Sovereign directive or decision
11113.md	sn-operational-cruft	Empty file
11115.md	sn-operational-cruft	Empty file
11127.md	sn-session-log	Session/execution log
11205.md	sn-session-log	Session/execution log
11317.md	sn-session-log	Session/execution log
11321.j2	sn-blitzkrieg	Blitzkrieg or parallel execution plan
11351.md	sn-operational-cruft	Tutorial or reference guide
11362.md	sn-session-log	Session/execution log
11364.md	sn-operational-cruft	Research/reference material
11368.md	sn-blitzkrieg	Blitzkrieg or parallel execution plan
11369.md	sn-blitzkrieg	Blitzkrieg or parallel execution plan
11376.md	sn-blitzkrieg	Blitzkrieg or parallel execution plan
11385.md	sn-operational-cruft	Unclassified content
11397.txt	sn-operational-cruft	Unclassified content
11425.mmd	sn-operational-cruft	Research/reference material
11471.jpeg	sn-operational-cruft	Research/reference material
11479.jpeg	sn-operational-cruft	Research/reference material
11487.yaml	sn-operational-cruft	Unclassified content
11513.yaml	sn-operational-cruft	Research/reference material
11516.md	sn-session-log	Session/execution log
11518.log	sn-operational-cruft	Empty file
11525.md	sn-operational-cruft	Research/reference material
11531.db	sn-operational-cruft	Research/reference material
11538.md	sn-operational-cruft	Research/reference material
11553.db-shm	sn-operational-cruft	Research/reference material
11554.db-wal	sn-operational-cruft	Empty file
11555.db-shm	sn-operational-cruft	Research/reference material
11556.db-wal	sn-operational-cruft	Empty file
11557.db-shm	sn-operational-cruft	Research/reference material
11558.db-wal	sn-operational-cruft	Empty file
11561.breaker	sn-operational-cruft	Unclassified content
11562.jsonl	sn-operational-cruft	Empty file
11586.yaml	sn-blitzkrieg	Blitzkrieg or parallel execution plan
11597.md	sn-session-log	Session/execution log
11607.yaml	sn-blitzkrieg	Blitzkrieg or parallel execution plan
11619.jpeg	sn-operational-cruft	Research/reference material
11650.md	sn-operational-cruft	Research/reference material
11675.md	sn-operational-cruft	Research/reference material
11679.yml	sn-operational-cruft	Tutorial or reference guide
11680.yml	sn-operational-cruft	Tutorial or reference guide
11705.log	sn-operational-cruft	Empty file
