id,filename,filepath,platform,format,cadence,value_modality,signal_tier,status,chain,topics,creator,guest,title,date_published,date_processed,date_integrated,integrated_into,notes
SOURCE-20260101-001,The Highest Levels of Thinking Explaine.md,raw/0/New Folder With Items 3/The Highest Levels of Thinking Explaine.md,youtube,solo_presentation,arrhythmic,dialogue_primary,tactical,triaged,information,ai,,,The Highest Levels Of Thinking Explaine,,,,,
SOURCE-20260101-002,The Next Renaissance is Coming.md,raw/0/New Folder With Items 3/The Next Renaissance is Coming.md,youtube,solo_presentation,arrhythmic,dialogue_primary,tactical,triaged,information,ai,,,The Next Renaissance Is Coming,,,,,
SOURCE-20260101-003,NEW Multi-Agent Protocol (REP by MIT)- 100+ Agents.txt,raw/0/creators/ai_explained/NEW Multi-Agent Protocol (REP by MIT)- 100+ Agents.txt,youtube,solo_presentation,arrhythmic,dialogue_primary,tactical,triaged,expertise,ai,_100+_agents,,New Multi - Agent Protocol (rep By Mit) - 100+ Agents,,,,,
SOURCE-20260101-004,How to Be So Productive That It Makes You Dangerous.txt,raw/0/creators/justin_sung/How to Be So Productive That It Makes You Dangerous.txt,youtube,solo_presentation,arrhythmic,dialogue_primary,noise,triaged,expertise,ai,,,How To Be So Productive That It Makes You Dangerous,,,,,
SOURCE-20260101-005,The Existential Elk Theory .txt,raw/0/creators/pursuit_of_wonder/The Existential Elk Theory .txt,youtube,solo_presentation,arrhythmic,dialogue_primary,noise,triaged,expertise,ai,,,The Existential Elk Theory,,,,,
SOURCE-20260101-006,Google’s NotebookLM is Getting Even More Powerful.txt,raw/0/creators/tiago_forte/Google’s NotebookLM is Getting Even More Powerful.txt,youtube,solo_presentation,arrhythmic,dialogue_primary,noise,triaged,expertise,ai,,,Google’s Notebooklm Is Getting Even More Powerful,,,,,
SOURCE-20260101-007, The AI Expertise Bottleneck- How Top 1% Pros Are Scaling Faster Than Ever.txt,raw/0/daily/consultant/nate_b_jones/ The AI Expertise Bottleneck- How Top 1% Pros Are Scaling Faster Than Ever.txt,youtube,solo_presentation,arrhythmic,dialogue_primary,noise,triaged,intelligence,"scaling_laws,bitter_lesson,ai",,,The Ai Expertise Bottleneck - How Top 1% Pros Are Scaling Faster Than Ever,,,,,
SOURCE-20260101-008,Claude Skills—From TOY to TOOL- Grab My Tutorial + Custom Skills To Help You Build Skills Fast .txt,raw/0/daily/consultant/nate_b_jones/Claude Skills—From TOY to TOOL- Grab My Tutorial + Custom Skills To Help You Build Skills Fast .txt,youtube,tutorial,arrhythmic,dialogue_primary,noise,triaged,expertise,ai,,,Claude Skills—from Toy To Tool - Grab My Tutorial + Custom Skills To Help You Build Skills Fast,,,,,
SOURCE-20260101-009,I Spent 200 Hours Teaching AI Writing—Here Are 6 Principles Everyone Gets WRONG (+ Demo Prompt).txt,raw/0/daily/consultant/nate_b_jones/I Spent 200 Hours Teaching AI Writing—Here Are 6 Principles Everyone Gets WRONG (+ Demo Prompt).txt,youtube,solo_presentation,arrhythmic,dialogue_primary,noise,triaged,expertise,ai,,,I Spent 200 Hours Teaching Ai Writing—here Are 6 Principles Everyone Gets Wrong (+ Demo Prompt),,,,,
SOURCE-20260101-010,I Tested Claude & ChatGPT's New Knowledge Connectors—Here's Your TLDR + Pros & Cons.txt,raw/0/daily/consultant/nate_b_jones/I Tested Claude & ChatGPT's New Knowledge Connectors—Here's Your TLDR + Pros & Cons.txt,youtube,solo_presentation,arrhythmic,dialogue_primary,noise,triaged,expertise,ai,,,I Tested Claude & Chatgpt's New Knowledge Connectors—here's Your Tldr + Pros & Cons,,,,,
SOURCE-20260101-011,NEW- Claude's 'Super Prompts' Will Save You DAYS of Work (Full Tutorial + Demo).txt,raw/0/daily/consultant/nate_b_jones/NEW- Claude's 'Super Prompts' Will Save You DAYS of Work (Full Tutorial + Demo).txt,youtube,tutorial,arrhythmic,dialogue_primary,noise,triaged,expertise,ai,,,New - Claude's 'super Prompts' Will Save You Days Of Work (full Tutorial + Demo),,,,,
SOURCE-20260101-012,When C-Suite FAILS at Al - 9 Mistakes CEOs Make and How to Avoid Multi-Million Dollar Al Disasters.txt,raw/0/daily/consultant/nate_b_jones/When C-Suite FAILS at Al - 9 Mistakes CEOs Make and How to Avoid Multi-Million Dollar Al Disasters.txt,youtube,solo_presentation,arrhythmic,dialogue_primary,noise,triaged,expertise,ai,_9_mistakes_ceos_make_and_how_to_avoid_multi,Million Dollar Al Disasters,When C - Suite Fails At Al - 9 Mistakes Ceos Make And How To Avoid Multi - Million Dollar Al Disasters,,,,,
SOURCE-20260101-013,Why the Best Al Tools Look NOTHING Like ChatGPT.txt,raw/0/daily/consultant/nate_b_jones/Why the Best Al Tools Look NOTHING Like ChatGPT.txt,youtube,solo_presentation,arrhythmic,dialogue_primary,noise,triaged,expertise,ai,,,Why The Best Al Tools Look Nothing Like Chatgpt,,,,,
SOURCE-20251021-014,20251021-youtube_video-tbpn-palmer_luckey.txt,raw/0/daily/presenter/tbpn/20251021-youtube_video-tbpn-palmer_luckey.txt,youtube,interview,arrhythmic,dialogue_primary,tactical,triaged,information,ai,tbpn,Palmer Luckey,Tbpn - Palmer Luckey,2025-10-21,,,,
SOURCE-20260101-015,Al Context Gets Some Major Upgrades.txt,raw/0/daily/reporter/ai_daily_brief/Al Context Gets Some Major Upgrades.txt,youtube,solo_presentation,arrhythmic,dialogue_primary,tactical,triaged,information,ai,,,Al Context Gets Some Major Upgrades,,,,,
SOURCE-20251024-016,20251024-youtube_video-david_carbutt.txt,raw/0/frequent/pundit /david_carbutt/20251024-youtube_video-david_carbutt.txt,youtube,solo_presentation,arrhythmic,dialogue_primary,tactical,triaged,information,ai,david_carbutt,,David Carbutt,2025-10-24,,,,
SOURCE-20251022-017,20251022-youtube_video-farzad-matt_smith-hans_nelson.txt,raw/0/frequent/pundit /farzad/20251022-youtube_video-farzad-matt_smith-hans_nelson.txt,youtube,interview,arrhythmic,dialogue_primary,tactical,triaged,information,ai,farzad,Matt Smith,Farzad - Matt Smith - Hans Nelson,2025-10-22,,,,
SOURCE-20251022-018,20251022-youtube_video-farzad-tesla_ai_bts.txt,raw/0/frequent/pundit /farzad/20251022-youtube_video-farzad-tesla_ai_bts.txt,youtube,interview,arrhythmic,dialogue_primary,tactical,triaged,information,ai,farzad,Tesla Ai Bts,Farzad - Tesla Ai Bts,2025-10-22,,,,
SOURCE-20251022-019,20251022-youtube_video-farzad-tesla_q3.txt,raw/0/frequent/pundit /farzad/20251022-youtube_video-farzad-tesla_q3.txt,youtube,interview,arrhythmic,dialogue_primary,tactical,triaged,information,ai,farzad,Tesla Q3,Farzad - Tesla Q3,2025-10-22,,,,
SOURCE-20251023-020,20251023-youtube_video-farzad-michael_dunne.txt,raw/0/frequent/pundit /farzad/20251023-youtube_video-farzad-michael_dunne.txt,youtube,interview,arrhythmic,dialogue_primary,tactical,triaged,information,ai,farzad,Michael Dunne,Farzad - Michael Dunne,2025-10-23,,,,
SOURCE-20251020-021,20251020-youtube_video-a16z-reid_hoffman.md,raw/0/interviewers/ai/a16z/20251020-youtube_video-a16z-reid_hoffman.md,youtube,interview,arrhythmic,dialogue_primary,strategic,triaged,insight,ai,a16z,Reid Hoffman,A16z - Reid Hoffman,2025-10-20,,,,
SOURCE-20251020-022,20251020-youtube_video-a16z-reid_hoffman.txt,raw/0/interviewers/ai/a16z/20251020-youtube_video-a16z-reid_hoffman.txt,youtube,interview,arrhythmic,dialogue_primary,strategic,triaged,insight,ai,a16z,Reid Hoffman,A16z - Reid Hoffman,2025-10-20,,,,
SOURCE-20251031-023,20251031-youtube_video-a16z-marc_andreessen_and_ben_horowitz.md,raw/0/interviewers/ai/a16z/20251031-youtube_video-a16z-marc_andreessen_and_ben_horowitz.md,youtube,interview,arrhythmic,dialogue_primary,strategic,triaged,insight,ai,a16z,Marc Andreessen And Ben Horowitz,A16z - Marc Andreessen And Ben Horowitz,2025-10-31,,,,
SOURCE-20251031-024,20251031-youtube_video-a16z-marc_andreessen_and_ben_horowitz.txt,raw/0/interviewers/ai/a16z/20251031-youtube_video-a16z-marc_andreessen_and_ben_horowitz.txt,youtube,interview,arrhythmic,dialogue_primary,strategic,triaged,insight,ai,a16z,Marc Andreessen And Ben Horowitz,A16z - Marc Andreessen And Ben Horowitz,2025-10-31,,,,
SOURCE-20251013-025,20251013-youtube_video-anders_indset-matthew_kinsella.md,raw/0/interviewers/ai/anders_indset/20251013-youtube_video-anders_indset-matthew_kinsella.md,youtube,interview,arrhythmic,dialogue_primary,tactical,triaged,insight,ai,anders_indset,Matthew Kinsella,Anders Indset - Matthew Kinsella,2025-10-13,,,,
SOURCE-20251013-026,20251013-youtube_video-anders_indset-matthew_kinsella.txt,raw/0/interviewers/ai/anders_indset/20251013-youtube_video-anders_indset-matthew_kinsella.txt,youtube,interview,arrhythmic,dialogue_primary,tactical,triaged,insight,ai,anders_indset,Matthew Kinsella,Anders Indset - Matthew Kinsella,2025-10-13,,,,
SOURCE-20251021-027,20251021-youtube_video-machine_learning_street_talk-chris_kempes.md,raw/0/interviewers/ai/machine_learning_street_talk/20251021-youtube_video-machine_learning_street_talk-chris_kempes.md,youtube,interview,arrhythmic,dialogue_primary,strategic,triaged,insight,ai,machine_learning_street_talk,Chris Kempes,Machine Learning Street Talk - Chris Kempes,2025-10-21,,,,
SOURCE-20251021-028,20251021-youtube_video-machine_learning_street_talk-chris_kempes.txt,raw/0/interviewers/ai/machine_learning_street_talk/20251021-youtube_video-machine_learning_street_talk-chris_kempes.txt,youtube,interview,arrhythmic,dialogue_primary,strategic,triaged,insight,ai,machine_learning_street_talk,Chris Kempes,Machine Learning Street Talk - Chris Kempes,2025-10-21,,,,
SOURCE-20251025-029,20251025-youtube_video-machine_learning_street_talk-blaise_aguera_y_arcas.md,raw/0/interviewers/ai/machine_learning_street_talk/20251025-youtube_video-machine_learning_street_talk-blaise_aguera_y_arcas.md,youtube,interview,arrhythmic,dialogue_primary,paradigm,triaged,insight,ai,machine_learning_street_talk,Blaise Aguera Y Arcas,Machine Learning Street Talk - Blaise Aguera Y Arcas,2025-10-25,,,,
SOURCE-20251025-030,20251025-youtube_video-machine_learning_street_talk-blaise_aguera_y_arcas.txt,raw/0/interviewers/ai/machine_learning_street_talk/20251025-youtube_video-machine_learning_street_talk-blaise_aguera_y_arcas.txt,youtube,interview,arrhythmic,dialogue_primary,paradigm,triaged,insight,ai,machine_learning_street_talk,Blaise Aguera Y Arcas,Machine Learning Street Talk - Blaise Aguera Y Arcas,2025-10-25,,,,
SOURCE-20251021-031,20251021-youtube_video-next_wave-maria_gharib.txt,raw/0/interviewers/ai/next_wave/20251021-youtube_video-next_wave-maria_gharib.txt,youtube,interview,arrhythmic,dialogue_primary,tactical,triaged,insight,ai,next_wave,Maria Gharib,Next Wave - Maria Gharib,2025-10-21,,,,
SOURCE-20260101-032,"AI Round-up- Karpathy Reactions, OpenAI’s Dealmaking, & Bubble Reality Check.txt","raw/0/interviewers/ai/unsupervised_learning/AI Round-up- Karpathy Reactions, OpenAI’s Dealmaking, & Bubble Reality Check.txt",youtube,interview,arrhythmic,dialogue_primary,strategic,triaged,insight,ai,"_karpathy_reactions,_openai’s_dealmaking,_&_bubble_reality_check",,"Ai Round - Up - Karpathy Reactions, Openai’s Dealmaking, & Bubble Reality Check",,,,,
SOURCE-20251022-033,20251022-youtube_video-wes_and_dylan-alex_duffy.txt,raw/0/interviewers/ai/wes_and_dylan/20251022-youtube_video-wes_and_dylan-alex_duffy.txt,youtube,interview,arrhythmic,dialogue_primary,tactical,triaged,insight,ai,wes_and_dylan,Alex Duffy,Wes And Dylan - Alex Duffy,2025-10-22,,,,
SOURCE-20251027-034,20251027-youtube_video-chris_williamson-alex_oconnor_&_joe_folley.txt,raw/0/interviewers/culture/chris_williamson/20251027-youtube_video-chris_williamson-alex_oconnor_&_joe_folley.txt,youtube,interview,arrhythmic,dialogue_primary,strategic,triaged,insight,culture,chris_williamson,Alex Oconnor And Joe Folley,Chris Williamson - Alex Oconnor & Joe Folley,2025-10-27,,,,
SOURCE-20251023-035,20251023-youtube_video-scale_ai-chain_of_thought-mcp_atlas_benchmark.md,raw/0/interviewers/scale_ai/20251023-youtube_video-scale_ai-chain_of_thought-mcp_atlas_benchmark.md,youtube,interview,arrhythmic,dialogue_primary,strategic,triaged,insight,ai,scale_ai,Chain Of Thought,Scale Ai - Chain Of Thought - Mcp Atlas Benchmark,2025-10-23,,,,
SOURCE-20251023-036,20251023-youtube_video-scale_ai-chain_of_thought-mcp_atlas_benchmark.txt,raw/0/interviewers/scale_ai/20251023-youtube_video-scale_ai-chain_of_thought-mcp_atlas_benchmark.txt,youtube,interview,arrhythmic,dialogue_primary,strategic,triaged,insight,ai,scale_ai,Chain Of Thought,Scale Ai - Chain Of Thought - Mcp Atlas Benchmark,2025-10-23,,,,
SOURCE-20251025-037,20251025-youtube_video-big_think-freethink-peter_leyden.md,raw/0/lecture/big_think/20251025-youtube_video-big_think-freethink-peter_leyden.md,youtube,lecture,arrhythmic,dialogue_primary,strategic,triaged,information,ai,big_think,Freethink,Big Think - Freethink - Peter Leyden,2025-10-25,,,,
SOURCE-20251025-038,20251025-youtube_video-big_think-freethink-peter_leyden.txt,raw/0/lecture/big_think/20251025-youtube_video-big_think-freethink-peter_leyden.txt,youtube,lecture,arrhythmic,dialogue_primary,strategic,triaged,information,ai,big_think,Freethink,Big Think - Freethink - Peter Leyden,2025-10-25,,,,
SOURCE-20251024-039,20251024-youtube_video-engineering_institute_of_technology-henrik_von_scheel.md,raw/0/lecture/engineering_institute_of_technology/20251024-youtube_video-engineering_institute_of_technology-henrik_von_scheel.md,youtube,lecture,arrhythmic,dialogue_primary,tactical,triaged,information,ai,engineering_institute_of_technology,Henrik Von Scheel,Engineering Institute Of Technology - Henrik Von Scheel,2025-10-24,,,,
SOURCE-20251024-040,20251024-youtube_video-engineering_institute_of_technology-henrik_von_scheel.txt,raw/0/lecture/engineering_institute_of_technology/20251024-youtube_video-engineering_institute_of_technology-henrik_von_scheel.txt,youtube,lecture,arrhythmic,dialogue_primary,tactical,triaged,information,ai,engineering_institute_of_technology,Henrik Von Scheel,Engineering Institute Of Technology - Henrik Von Scheel,2025-10-24,,,,
SOURCE-20250320-041,20250320-youtube_video-long_now-benjamin_bratton.md,raw/0/lecture/long_now/20250320-youtube_video-long_now-benjamin_bratton.md,youtube,lecture,arrhythmic,dialogue_primary,paradigm,triaged,information,ai,long_now,Benjamin Bratton,Long Now - Benjamin Bratton,2025-03-20,,,,
SOURCE-20250320-042,20250320-youtube_video-long_now-benjamin_bratton.txt,raw/0/lecture/long_now/20250320-youtube_video-long_now-benjamin_bratton.txt,youtube,lecture,arrhythmic,dialogue_primary,paradigm,triaged,information,ai,long_now,Benjamin Bratton,Long Now - Benjamin Bratton,2025-03-20,,,,
SOURCE-20250528-043,20250528-youtube_video-long_now-sara_imari_walker.md,raw/0/lecture/long_now/20250528-youtube_video-long_now-sara_imari_walker.md,youtube,lecture,arrhythmic,dialogue_primary,paradigm,triaged,information,ai,long_now,Sara Imari Walker,Long Now - Sara Imari Walker,2025-05-28,,,,
SOURCE-20250528-044,20250528-youtube_video-long_now-sara_imari_walker.txt,raw/0/lecture/long_now/20250528-youtube_video-long_now-sara_imari_walker.txt,youtube,lecture,arrhythmic,dialogue_primary,paradigm,triaged,information,ai,long_now,Sara Imari Walker,Long Now - Sara Imari Walker,2025-05-28,,,,
SOURCE-20260101-045, How Dyson Fixed Vertical Farming's BIGGEST Problem.txt,raw/0/lecture/two_bit_davinci/ How Dyson Fixed Vertical Farming's BIGGEST Problem.txt,youtube,lecture,arrhythmic,dialogue_primary,tactical,triaged,information,ai,,,How Dyson Fixed Vertical Farming's Biggest Problem,,,,,
SOURCE-20250624-046,20250624-youtube_video-wired-matt_lerner_neurodiversity.txt,raw/0/lecture/wired/20250624-youtube_video-wired-matt_lerner_neurodiversity.txt,youtube,lecture,arrhythmic,dialogue_primary,tactical,triaged,information,ai,wired,Matt Lerner Neurodiversity,Wired - Matt Lerner Neurodiversity,2025-06-24,,,,
SOURCE-20250617-047,20250617-youtube_video-bilawal_sidhu-harvard_lecture.md,raw/20250617-youtube_video-bilawal_sidhu-harvard_lecture.md,youtube,lecture,arrhythmic,dialogue_primary,tactical,triaged,information,ai,bilawal_sidhu,Harvard Lecture,Bilawal Sidhu - Harvard Lecture,2025-06-17,,,,
SOURCE-20250617-048,20250617-youtube_video-bilawal_sidhu-harvard_lecture.txt,raw/20250617-youtube_video-bilawal_sidhu-harvard_lecture.txt,youtube,lecture,arrhythmic,dialogue_primary,tactical,triaged,information,ai,bilawal_sidhu,Harvard Lecture,Bilawal Sidhu - Harvard Lecture,2025-06-17,,,,
SOURCE-20250617-049,20250617-youtube_video-y_combinator-andrej_karpathy.md,raw/20250617-youtube_video-y_combinator-andrej_karpathy.md,youtube,interview,arrhythmic,dialogue_primary,paradigm,triaged,information,ai,y_combinator,Andrej Karpathy,Y Combinator - Andrej Karpathy,2025-06-17,,,,
SOURCE-20250617-050,20250617-youtube_video-y_combinator-andrej_karpathy.txt,raw/20250617-youtube_video-y_combinator-andrej_karpathy.txt,youtube,interview,arrhythmic,dialogue_primary,paradigm,triaged,information,ai,y_combinator,Andrej Karpathy,Y Combinator - Andrej Karpathy,2025-06-17,,,,
SOURCE-20250403-051,20250403-youtube_video-dwarkesh_patel-scott_alexander_&_daniel_kokotajlo.md,raw/AGI/20250403-youtube_video-dwarkesh_patel-scott_alexander_&_daniel_kokotajlo.md,youtube,interview,arrhythmic,dialogue_primary,paradigm,triaged,intelligence,"agi,ai",dwarkesh_patel,Scott Alexander And Daniel Kokotajlo,Dwarkesh Patel - Scott Alexander & Daniel Kokotajlo,2025-04-03,,,,
SOURCE-20250403-052,20250403-youtube_video-dwarkesh_patel-scott_alexander_&_daniel_kokotajlo.txt,raw/AGI/20250403-youtube_video-dwarkesh_patel-scott_alexander_&_daniel_kokotajlo.txt,youtube,interview,arrhythmic,dialogue_primary,paradigm,triaged,intelligence,"agi,ai",dwarkesh_patel,Scott Alexander And Daniel Kokotajlo,Dwarkesh Patel - Scott Alexander & Daniel Kokotajlo,2025-04-03,,,,
SOURCE-20250522-053,20250522-youtube_video-dwarkesh_patel-sholto_douglas_&_trenton_bricken.md,raw/AGI/20250522-youtube_video-dwarkesh_patel-sholto_douglas_&_trenton_bricken.md,youtube,interview,arrhythmic,dialogue_primary,paradigm,triaged,intelligence,"agi,ai",dwarkesh_patel,Sholto Douglas And Trenton Bricken,Dwarkesh Patel - Sholto Douglas & Trenton Bricken,2025-05-22,,,,
SOURCE-20250522-054,20250522-youtube_video-dwarkesh_patel-sholto_douglas_&_trenton_bricken.txt,raw/AGI/20250522-youtube_video-dwarkesh_patel-sholto_douglas_&_trenton_bricken.txt,youtube,interview,arrhythmic,dialogue_primary,paradigm,triaged,intelligence,"agi,ai",dwarkesh_patel,Sholto Douglas And Trenton Bricken,Dwarkesh Patel - Sholto Douglas & Trenton Bricken,2025-05-22,,,,
SOURCE-20250723-055,20250723-youtube_video-lex_fridman-demis_hassabis_475.md,raw/AGI/20250723-youtube_video-lex_fridman-demis_hassabis_475.md,youtube,interview,arrhythmic,dialogue_primary,paradigm,integrated,intelligence,"agi,ai",lex_fridman,Demis Hassabis 475,Lex Fridman - Demis Hassabis 475,2025-07-23,2026-01-01,2026-01-01,CANON-00004,Processed to processed/ with frontmatter
SOURCE-20250723-056,20250723-youtube_video-lex_fridman-demis_hassabis_475.txt,raw/AGI/20250723-youtube_video-lex_fridman-demis_hassabis_475.txt,youtube,interview,arrhythmic,dialogue_primary,paradigm,triaged,intelligence,"agi,ai",lex_fridman,Demis Hassabis 475,Lex Fridman - Demis Hassabis 475,2025-07-23,,,,
SOURCE-20250926-057,20250926-youtube_video-dwarkesh_patel-richard_sutton.md,raw/AGI/20250926-youtube_video-dwarkesh_patel-richard_sutton.md,youtube,interview,arrhythmic,dialogue_primary,paradigm,integrated,intelligence,"agi,scaling_laws,bitter_lesson,ai",dwarkesh_patel,Richard Sutton,Dwarkesh Patel - Richard Sutton,2025-09-26,2026-01-01,2026-01-01,"CANON-00004,CANON-30400",Processed to processed/ with frontmatter
SOURCE-20250926-058,20250926-youtube_video-dwarkesh_patel-richard_sutton.txt,raw/AGI/20250926-youtube_video-dwarkesh_patel-richard_sutton.txt,youtube,interview,arrhythmic,dialogue_primary,paradigm,triaged,intelligence,"agi,scaling_laws,bitter_lesson,ai",dwarkesh_patel,Richard Sutton,Dwarkesh Patel - Richard Sutton,2025-09-26,,,,
SOURCE-20251001-059,20251001-x_post-andrej_karpathy.md,raw/AGI/20251001-x_post-andrej_karpathy.md,x,thread,arrhythmic,text_native,paradigm,integrated,intelligence,"agi,ai",andrej_karpathy,,Andrej Karpathy,2025-10-01,2026-01-01,2026-01-01,CANON-00004,Processed to processed/ with frontmatter
SOURCE-20251004-060,20251004-youtube_video-dwarkesh_patel-sutton_response.md,raw/AGI/20251004-youtube_video-dwarkesh_patel-sutton_response.md,youtube,interview,arrhythmic,dialogue_primary,paradigm,triaged,intelligence,"agi,scaling_laws,bitter_lesson,ai",dwarkesh_patel,Sutton Response,Dwarkesh Patel - Sutton Response,2025-10-04,,,,
SOURCE-20251004-061,20251004-youtube_video-dwarkesh_patel-sutton_response.txt,raw/AGI/20251004-youtube_video-dwarkesh_patel-sutton_response.txt,youtube,interview,arrhythmic,dialogue_primary,paradigm,triaged,intelligence,"agi,scaling_laws,bitter_lesson,ai",dwarkesh_patel,Sutton Response,Dwarkesh Patel - Sutton Response,2025-10-04,,,,
SOURCE-20251017-062,20251017-youtube_video-dwarkesh_patel-andrej_karpathy.md,raw/AGI/20251017-youtube_video-dwarkesh_patel-andrej_karpathy.md,youtube,interview,arrhythmic,dialogue_primary,paradigm,integrated,intelligence,"agi,ai",dwarkesh_patel,Andrej Karpathy,Dwarkesh Patel - Andrej Karpathy,2025-10-17,2026-01-01,2026-01-01,"CANON-00004,CANON-30400",Processed to processed/ with frontmatter
SOURCE-20251017-063,20251017-youtube_video-dwarkesh_patel-andrej_karpathy.txt,raw/AGI/20251017-youtube_video-dwarkesh_patel-andrej_karpathy.txt,youtube,interview,arrhythmic,dialogue_primary,paradigm,triaged,intelligence,"agi,ai",dwarkesh_patel,Andrej Karpathy,Dwarkesh Patel - Andrej Karpathy,2025-10-17,,,,
SOURCE-20250312-064,20250312-youtube_video-dwarkesh_patel-joseph_henrich.md,raw/Anthropology/20250312-youtube_video-dwarkesh_patel-joseph_henrich.md,youtube,interview,arrhythmic,dialogue_primary,paradigm,triaged,wisdom,anthropology,dwarkesh_patel,Joseph Henrich,Dwarkesh Patel - Joseph Henrich,2025-03-12,,,,
SOURCE-20250312-065,20250312-youtube_video-dwarkesh_patel-joseph_henrich.txt,raw/Anthropology/20250312-youtube_video-dwarkesh_patel-joseph_henrich.txt,youtube,interview,arrhythmic,dialogue_primary,paradigm,triaged,wisdom,anthropology,dwarkesh_patel,Joseph Henrich,Dwarkesh Patel - Joseph Henrich,2025-03-12,,,,
SOURCE-20250626-066,20250626-youtube_video-dwarkesh_patel-george_church.txt,raw/Biology/Evolution/20250626-youtube_video-dwarkesh_patel-george_church.txt,youtube,interview,arrhythmic,dialogue_primary,paradigm,triaged,knowledge,"biology,evolution",dwarkesh_patel,George Church,Dwarkesh Patel - George Church,2025-06-26,,,,
SOURCE-20251010-067,20251010-youtube_video-dwarkesh_patel-nick_lane.txt,raw/Biology/Evolution/20251010-youtube_video-dwarkesh_patel-nick_lane.txt,youtube,interview,arrhythmic,dialogue_primary,paradigm,triaged,knowledge,"biology,evolution",dwarkesh_patel,Nick Lane,Dwarkesh Patel - Nick Lane,2025-10-10,,,,
SOURCE-20205082-068,202050821-youtube_video-dwarkesh_patel-jacob_kimmel.txt,raw/Biology/Longevity/202050821-youtube_video-dwarkesh_patel-jacob_kimmel.txt,youtube,interview,arrhythmic,dialogue_primary,paradigm,triaged,knowledge,"biology,longevity",dwarkesh_patel,Jacob Kimmel,202050821 - Youtube Video - Dwarkesh Patel - Jacob Kimmel,2020-50-82,,,,
SOURCE-20250807-069,20250807-youtube_video-dwarkesh_patel-lewis_bollard.txt,raw/Biology/Sustainability/20250807-youtube_video-dwarkesh_patel-lewis_bollard.txt,youtube,interview,arrhythmic,dialogue_primary,paradigm,triaged,knowledge,"biology,sustainability,ai",dwarkesh_patel,Lewis Bollard,Dwarkesh Patel - Lewis Bollard,2025-08-07,,,,
SOURCE-20250912-070,20250912-youtube_video-dwarkesh_patel-sergey_levine.md,raw/Physical AI/20250912-youtube_video-dwarkesh_patel-sergey_levine.md,youtube,interview,arrhythmic,dialogue_primary,paradigm,triaged,intelligence,"robotics,ai,physical_ai",dwarkesh_patel,Sergey Levine,Dwarkesh Patel - Sergey Levine,2025-09-12,,,,
SOURCE-20250912-071,20250912-youtube_video-dwarkesh_patel-sergey_levine.txt,raw/Physical AI/20250912-youtube_video-dwarkesh_patel-sergey_levine.txt,youtube,interview,arrhythmic,dialogue_primary,paradigm,triaged,intelligence,"robotics,ai,physical_ai",dwarkesh_patel,Sergey Levine,Dwarkesh Patel - Sergey Levine,2025-09-12,,,,
SOURCE-20260101-072,Untitled 6.md,raw/Untitled 6.md,youtube,solo_presentation,arrhythmic,dialogue_primary,tactical,triaged,information,ai,,,Untitled 6,,,,,
SOURCE-20260101-073,dwarkesh_sutton.md,raw/dwarkesh_sutton.md,youtube,interview,arrhythmic,dialogue_primary,tactical,triaged,information,"scaling_laws,bitter_lesson",,,Dwarkesh Sutton,,,,,
SOURCE-20251222-074,20251222-youtube_video-a16z.md,raw/new perspectives/txt/20251222-youtube_video-a16z.md,youtube,solo_presentation,arrhythmic,dialogue_primary,strategic,triaged,information,ai,a16z,,A16z,2025-12-22,,,,
SOURCE-20251222-075,20251222-youtube_video-a16z.txt,raw/new perspectives/txt/20251222-youtube_video-a16z.txt,youtube,solo_presentation,arrhythmic,dialogue_primary,strategic,triaged,information,ai,a16z,,A16z,2025-12-22,,,,
SOURCE-20251222-076,20251222-youtube_video-machine_learning_street_talk.md,raw/new perspectives/txt/20251222-youtube_video-machine_learning_street_talk.md,youtube,solo_presentation,arrhythmic,dialogue_primary,strategic,triaged,information,ai,machine_learning_street_talk,,Machine Learning Street Talk,2025-12-22,,,,
SOURCE-20251222-077,20251222-youtube_video-machine_learning_street_talk.txt,raw/new perspectives/txt/20251222-youtube_video-machine_learning_street_talk.txt,youtube,solo_presentation,arrhythmic,dialogue_primary,strategic,triaged,information,ai,machine_learning_street_talk,,Machine Learning Street Talk,2025-12-22,,,,
SOURCE-20251222-078,20251222-youtube_video-neil_mcdevitt.md,raw/new perspectives/txt/20251222-youtube_video-neil_mcdevitt.md,youtube,solo_presentation,arrhythmic,dialogue_primary,tactical,triaged,information,ai,neil_mcdevitt,,Neil Mcdevitt,2025-12-22,,,,
SOURCE-20251222-079,20251222-youtube_video-neil_mcdevitt.txt,raw/new perspectives/txt/20251222-youtube_video-neil_mcdevitt.txt,youtube,solo_presentation,arrhythmic,dialogue_primary,tactical,triaged,information,ai,neil_mcdevitt,,Neil Mcdevitt,2025-12-22,,,,
SOURCE-20251223-080,20251223-youtube_video-ai_daily_brief-mike_kreiger.md,raw/new perspectives/txt/20251223-youtube_video-ai_daily_brief-mike_kreiger.md,youtube,interview,arrhythmic,dialogue_primary,tactical,triaged,information,ai,ai_daily_brief,Mike Kreiger,Ai Daily Brief - Mike Kreiger,2025-12-23,,,,
SOURCE-20251223-081,20251223-youtube_video-ai_daily_brief-mike_kreiger.txt,raw/new perspectives/txt/20251223-youtube_video-ai_daily_brief-mike_kreiger.txt,youtube,interview,arrhythmic,dialogue_primary,tactical,triaged,information,ai,ai_daily_brief,Mike Kreiger,Ai Daily Brief - Mike Kreiger,2025-12-23,,,,
SOURCE-20251223-082,20251223-youtube_video-dwarkesh_patel.md,raw/new perspectives/txt/20251223-youtube_video-dwarkesh_patel.md,youtube,interview,arrhythmic,dialogue_primary,paradigm,triaged,information,ai,dwarkesh_patel,,Dwarkesh Patel,2025-12-23,,,,
SOURCE-20251223-083,20251223-youtube_video-dwarkesh_patel.txt,raw/new perspectives/txt/20251223-youtube_video-dwarkesh_patel.txt,youtube,interview,arrhythmic,dialogue_primary,paradigm,triaged,information,ai,dwarkesh_patel,,Dwarkesh Patel,2025-12-23,,,,
SOURCE-20251224-084,20251224_youtube_video-machine_learning_street_talk-mike_israetel.md,raw/new perspectives/txt/20251224_youtube_video-machine_learning_street_talk-mike_israetel.md,youtube,solo_presentation,arrhythmic,dialogue_primary,strategic,triaged,information,ai,mike_israetel,,Machine Learning Street Talk - Mike Israetel,2025-12-24,,,,
SOURCE-20251224-085,20251224_youtube_video-machine_learning_street_talk-mike_israetel.txt,raw/new perspectives/txt/20251224_youtube_video-machine_learning_street_talk-mike_israetel.txt,youtube,solo_presentation,arrhythmic,dialogue_primary,strategic,triaged,information,ai,mike_israetel,,Machine Learning Street Talk - Mike Israetel,2025-12-24,,,,
SOURCE-20251226-086,20251226-youtube_video-a16z.md,raw/new perspectives/txt/20251226-youtube_video-a16z.md,youtube,solo_presentation,arrhythmic,dialogue_primary,strategic,triaged,information,ai,a16z,,A16z,2025-12-26,,,,
SOURCE-20251226-087,20251226-youtube_video-a16z.txt,raw/new perspectives/txt/20251226-youtube_video-a16z.txt,youtube,solo_presentation,arrhythmic,dialogue_primary,strategic,triaged,information,ai,a16z,,A16z,2025-12-26,,,,
SOURCE-20251226-088,20251226-youtube_video-ai_daily_brief.md,raw/new perspectives/txt/20251226-youtube_video-ai_daily_brief.md,youtube,solo_presentation,arrhythmic,dialogue_primary,tactical,triaged,information,ai,ai_daily_brief,,Ai Daily Brief,2025-12-26,,,,
SOURCE-20251226-089,20251226-youtube_video-ai_daily_brief.txt,raw/new perspectives/txt/20251226-youtube_video-ai_daily_brief.txt,youtube,solo_presentation,arrhythmic,dialogue_primary,tactical,triaged,information,ai,ai_daily_brief,,Ai Daily Brief,2025-12-26,,,,
SOURCE-20251226-090,20251226-youtube_video-david_shapiro.md,raw/new perspectives/txt/20251226-youtube_video-david_shapiro.md,youtube,solo_presentation,arrhythmic,dialogue_primary,tactical,triaged,information,ai,david_shapiro,,David Shapiro,2025-12-26,,,,
SOURCE-20251226-091,20251226-youtube_video-david_shapiro.txt,raw/new perspectives/txt/20251226-youtube_video-david_shapiro.txt,youtube,solo_presentation,arrhythmic,dialogue_primary,tactical,triaged,information,ai,david_shapiro,,David Shapiro,2025-12-26,,,,
SOURCE-20251226-092,20251226-youtube_video-ibm_technology.md,raw/new perspectives/txt/20251226-youtube_video-ibm_technology.md,youtube,solo_presentation,arrhythmic,dialogue_primary,tactical,triaged,information,ai,ibm_technology,,Ibm Technology,2025-12-26,,,,
SOURCE-20251226-093,20251226-youtube_video-ibm_technology.txt,raw/new perspectives/txt/20251226-youtube_video-ibm_technology.txt,youtube,solo_presentation,arrhythmic,dialogue_primary,tactical,triaged,information,ai,ibm_technology,,Ibm Technology,2025-12-26,,,,
SOURCE-20251227-094,20251227-youtube_video-neil_mcdevitt.md,raw/new perspectives/txt/20251227-youtube_video-neil_mcdevitt.md,youtube,solo_presentation,arrhythmic,dialogue_primary,tactical,triaged,information,ai,neil_mcdevitt,,Neil Mcdevitt,2025-12-27,,,,
SOURCE-20251227-095,20251227-youtube_video-neil_mcdevitt.txt,raw/new perspectives/txt/20251227-youtube_video-neil_mcdevitt.txt,youtube,solo_presentation,arrhythmic,dialogue_primary,tactical,triaged,information,ai,neil_mcdevitt,,Neil Mcdevitt,2025-12-27,,,,
SOURCE-20250207-096,20250207-youtube_video-bilawal_sidhu-vfx_ai_tools.txt,raw/snapshot/consultanttt/bilawal_sidhu/20250207-youtube_video-bilawal_sidhu-vfx_ai_tools.txt,youtube,interview,arrhythmic,dialogue_primary,tactical,triaged,expertise,ai,bilawal_sidhu,Vfx Ai Tools,Bilawal Sidhu - Vfx Ai Tools,2025-02-07,,,,
SOURCE-20250221-097,20250221-youtube_video-bilawal_sidhu-3d_vfx_ai_tools.txt,raw/snapshot/consultanttt/bilawal_sidhu/20250221-youtube_video-bilawal_sidhu-3d_vfx_ai_tools.txt,youtube,interview,arrhythmic,dialogue_primary,tactical,triaged,expertise,ai,bilawal_sidhu,3D Vfx Ai Tools,Bilawal Sidhu - 3d Vfx Ai Tools,2025-02-21,,,,
SOURCE-20250820-098,20250820-youtube_video-bilawal_sidhu-world_model.txt,raw/snapshot/consultanttt/bilawal_sidhu/20250820-youtube_video-bilawal_sidhu-world_model.txt,youtube,interview,arrhythmic,dialogue_primary,tactical,triaged,expertise,ai,bilawal_sidhu,World Model,Bilawal Sidhu - World Model,2025-08-20,,,,
SOURCE-20250829-099,20250829-youtube_video-bilawal_sidhu-harvard_lecture.txt,raw/snapshot/consultanttt/bilawal_sidhu/20250829-youtube_video-bilawal_sidhu-harvard_lecture.txt,youtube,lecture,arrhythmic,dialogue_primary,tactical,triaged,information,ai,bilawal_sidhu,Harvard Lecture,Bilawal Sidhu - Harvard Lecture,2025-08-29,,,,
SOURCE-20250922-100,20250922 -youtube_video-bilawal_sidhu-vfx_workflow.txt,raw/snapshot/consultanttt/bilawal_sidhu/20250922 -youtube_video-bilawal_sidhu-vfx_workflow.txt,youtube,interview,arrhythmic,dialogue_primary,tactical,triaged,expertise,ai,bilawal_sidhu,Vfx Workflow,20250922 - Youtube Video - Bilawal Sidhu - Vfx Workflow,2025-09-22,,,,
SOURCE-20251024-101,20251024-youtube_video-bilawal_sidhu-ian_dawson.txt,raw/snapshot/consultanttt/bilawal_sidhu/20251024-youtube_video-bilawal_sidhu-ian_dawson.txt,youtube,interview,arrhythmic,dialogue_primary,tactical,triaged,expertise,ai,bilawal_sidhu,Ian Dawson,Bilawal Sidhu - Ian Dawson,2025-10-24,,,,
SOURCE-20260101-102,10 Papers Every Future AI Engineer Must Read.txt,raw/snapshot/consultanttt/marina_wyss/10 Papers Every Future AI Engineer Must Read.txt,youtube,paper,arrhythmic,text_native,tactical,triaged,expertise,ai,,,10 Papers Every Future Ai Engineer Must Read,,,,,
SOURCE-20260101-103,Top 10 Technical Skills That Will Matter Most in 2026.txt,raw/snapshot/consultanttt/tiff_in_tech/Top 10 Technical Skills That Will Matter Most in 2026.txt,youtube,solo_presentation,arrhythmic,dialogue_primary,tactical,triaged,expertise,ai,,,Top 10 Technical Skills That Will Matter Most In 2026,,,,,
SOURCE-20251024-104,20251024-youtube_video-all_in.txt,raw/snapshot/panelists /all_in/20251024-youtube_video-all_in.txt,youtube,panel,arrhythmic,dialogue_primary,strategic,triaged,information,ai,all_in,,All In,2025-10-24,,,,
SOURCE-20251024-105,20251024-youtube_video-ai_for_humans.txt,raw/snapshot/presenter /ai_for_humans/20251024-youtube_video-ai_for_humans.txt,youtube,solo_presentation,arrhythmic,dialogue_primary,tactical,triaged,information,ai,ai_for_humans,,Ai For Humans,2025-10-24,,,,
SOURCE-20251025-106,20251025-youtube_video-ai_search.txt,raw/snapshot/regular/aggregator/ai_search/20251025-youtube_video-ai_search.txt,youtube,solo_presentation,arrhythmic,dialogue_primary,tactical,triaged,information,ai,ai_search,,Ai Search,2025-10-25,,,,
SOURCE-20251023-107,20251023-youtube_video-ark_invest-brainstorn_106.txt,raw/snapshot/regular/analyst/ark_invest/20251023-youtube_video-ark_invest-brainstorn_106.txt,youtube,interview,arrhythmic,dialogue_primary,tactical,triaged,information,ai,ark_invest,Brainstorn 106,Ark Invest - Brainstorn 106,2025-10-23,,,,
SOURCE-20260101-108,The Internet Is About to Change Forever (and nobody even realises).txt,raw/snapshot/regular/consultantt/d_squared/The Internet Is About to Change Forever (and nobody even realises).txt,youtube,solo_presentation,arrhythmic,dialogue_primary,tactical,triaged,expertise,ai,,,The Internet Is About To Change Forever (and Nobody Even Realises),,,,,
SOURCE-20260101-109,What Nobody Knows About ADHD and S*x.txt,raw/snapshot/regular/counselor/dr_k/What Nobody Knows About ADHD and S*x.txt,youtube,solo_presentation,arrhythmic,dialogue_primary,tactical,triaged,information,ai,,,What Nobody Knows About Adhd And S*x,,,,,
SOURCE-20260101-110, Tiny Recursive Model (TRM) Paper Explained.txt,raw/snapshot/regular/curator/ai_papers_acacdemy/ Tiny Recursive Model (TRM) Paper Explained.txt,youtube,paper,arrhythmic,text_native,tactical,triaged,information,ai,,,Tiny Recursive Model (trm) Paper Explained,,,,,
SOURCE-20260101-111,24 NEW Things You Should Be Using AI For.txt,raw/snapshot/regular/editorialist/matthew_berman/24 NEW Things You Should Be Using AI For.txt,youtube,solo_presentation,arrhythmic,dialogue_primary,tactical,triaged,information,ai,,,24 New Things You Should Be Using Ai For,,,,,
SOURCE-20260101-112,Inside Cerebras's Insane NEW Data Center (Fastest in the World).txt,raw/snapshot/regular/editorialist/matthew_berman/Inside Cerebras's Insane NEW Data Center (Fastest in the World).txt,youtube,solo_presentation,arrhythmic,dialogue_primary,tactical,triaged,information,ai,,,Inside Cerebras's Insane New Data Center (fastest In The World),,,,,
SOURCE-20260101-113, Deepseek just killed LLMs.txt,raw/snapshot/regular/editorialist/wes_roth/ Deepseek just killed LLMs.txt,youtube,solo_presentation,arrhythmic,dialogue_primary,tactical,triaged,information,ai,,,Deepseek Just Killed Llms,,,,,
SOURCE-20260101-114,DeepSeek-OCR Explained.md,raw/snapshot/regular/explainer/caleb_writes_code/DeepSeek-OCR Explained.md,youtube,solo_presentation,arrhythmic,dialogue_primary,tactical,triaged,information,ai,,,Deepseek - Ocr Explained,,,,,
SOURCE-20260101-115,"OK Computer, Kimi.txt","raw/snapshot/regular/explainer/caleb_writes_code/OK Computer, Kimi.txt",youtube,solo_presentation,arrhythmic,dialogue_primary,tactical,triaged,information,ai,,,"Ok Computer, Kimi",,,,,
SOURCE-20260101-116,NVIDIA’s New AI’s Movements Are So Real It’s Uncanny.txt,raw/snapshot/regular/explainer/two_minute_papers/NVIDIA’s New AI’s Movements Are So Real It’s Uncanny.txt,youtube,solo_presentation,arrhythmic,dialogue_primary,strategic,triaged,information,ai,,,Nvidia’s New Ai’s Movements Are So Real It’s Uncanny,,,,,
SOURCE-20251020-117,20251020-youtube_video-moonshots_202.txt,raw/snapshot/regular/panelists/moonshots/20251020-youtube_video-moonshots_202.txt,youtube,panel,arrhythmic,dialogue_primary,tactical,triaged,information,ai,moonshots_202,,Moonshots 202,2025-10-20,,,,
SOURCE-20251027-118,20251027-youtube_video-moonshots.txt,raw/snapshot/regular/panelists/moonshots/20251027-youtube_video-moonshots.txt,youtube,panel,arrhythmic,dialogue_primary,tactical,triaged,information,ai,moonshots,,Moonshots,2025-10-27,,,,
SOURCE-20251022-119,20251022-youtube_video-hans_nelson-ticker_symbol_you.txt,raw/snapshot/regular/pundit/hans_nelson/20251022-youtube_video-hans_nelson-ticker_symbol_you.txt,youtube,interview,arrhythmic,dialogue_primary,tactical,triaged,information,ai,hans_nelson,Ticker Symbol You,Hans Nelson - Ticker Symbol You,2025-10-22,,,,
SOURCE-20260101-120,Claude Skills - SOPs For Agents.txt,raw/snapshot/regular/sam_witteveen/Claude Skills - SOPs For Agents.txt,youtube,solo_presentation,arrhythmic,dialogue_primary,tactical,triaged,information,ai,,,Claude Skills - Sops For Agents,,,,,
SOURCE-20250516-121,20250516-youtube_video-sana-strange_loop-claire_l_evans.md,raw/transcripts/20250516-youtube_video-sana-strange_loop-claire_l_evans.md,youtube,interview,arrhythmic,dialogue_primary,strategic,triaged,information,ai,sana,Strange Loop,Sana - Strange Loop - Claire L Evans,2025-05-16,,,,
SOURCE-20250516-122,20250516-youtube_video-sana-strange_loop-claire_l_evans.txt,raw/transcripts/20250516-youtube_video-sana-strange_loop-claire_l_evans.txt,youtube,interview,arrhythmic,dialogue_primary,strategic,triaged,information,ai,sana,Strange Loop,Sana - Strange Loop - Claire L Evans,2025-05-16,,,,
SOURCE-20250605-123,20250605-youtube_video-sana-strange_loop-ethan_mollick.md,raw/transcripts/20250605-youtube_video-sana-strange_loop-ethan_mollick.md,youtube,interview,arrhythmic,dialogue_primary,paradigm,triaged,information,ai,sana,Strange Loop,Sana - Strange Loop - Ethan Mollick,2025-06-05,,,,
SOURCE-20250605-124,20250605-youtube_video-sana-strange_loop-ethan_mollick.txt,raw/transcripts/20250605-youtube_video-sana-strange_loop-ethan_mollick.txt,youtube,interview,arrhythmic,dialogue_primary,paradigm,triaged,information,ai,sana,Strange Loop,Sana - Strange Loop - Ethan Mollick,2025-06-05,,,,
SOURCE-20250623-125,20250623-youtube_video-brainmind-blaise_aguera_y_arcas.md,raw/transcripts/20250623-youtube_video-brainmind-blaise_aguera_y_arcas.md,youtube,interview,arrhythmic,dialogue_primary,paradigm,triaged,information,ai,brainmind,Blaise Aguera Y Arcas,Brainmind - Blaise Aguera Y Arcas,2025-06-23,,,,
SOURCE-20250623-126,20250623-youtube_video-brainmind-blaise_aguera_y_arcas.txt,raw/transcripts/20250623-youtube_video-brainmind-blaise_aguera_y_arcas.txt,youtube,interview,arrhythmic,dialogue_primary,paradigm,triaged,information,ai,brainmind,Blaise Aguera Y Arcas,Brainmind - Blaise Aguera Y Arcas,2025-06-23,,,,
SOURCE-20250624-127,20250624-youtube_video-dalibor_petrovic-david_shapiro.md,raw/transcripts/20250624-youtube_video-dalibor_petrovic-david_shapiro.md,youtube,interview,arrhythmic,dialogue_primary,tactical,triaged,information,ai,dalibor_petrovic,David Shapiro,Dalibor Petrovic - David Shapiro,2025-06-24,,,,
SOURCE-20250624-128,20250624-youtube_video-dalibor_petrovic-david_shapiro.txt,raw/transcripts/20250624-youtube_video-dalibor_petrovic-david_shapiro.txt,youtube,interview,arrhythmic,dialogue_primary,tactical,triaged,information,ai,dalibor_petrovic,David Shapiro,Dalibor Petrovic - David Shapiro,2025-06-24,,,,
SOURCE-20250807-129,20250807-youtube_video-tedxcatawba-blaise_aguera_y_arcas.md,raw/transcripts/20250807-youtube_video-tedxcatawba-blaise_aguera_y_arcas.md,youtube,interview,arrhythmic,dialogue_primary,paradigm,triaged,information,ai,tedxcatawba,Blaise Aguera Y Arcas,Tedxcatawba - Blaise Aguera Y Arcas,2025-08-07,,,,
SOURCE-20250807-130,20250807-youtube_video-tedxcatawba-blaise_aguera_y_arcas.txt,raw/transcripts/20250807-youtube_video-tedxcatawba-blaise_aguera_y_arcas.txt,youtube,interview,arrhythmic,dialogue_primary,paradigm,triaged,information,ai,tedxcatawba,Blaise Aguera Y Arcas,Tedxcatawba - Blaise Aguera Y Arcas,2025-08-07,,,,
SOURCE-20250902-131,20250902-youtube_video-sana-strange_loop-david_deustch.md,raw/transcripts/20250902-youtube_video-sana-strange_loop-david_deustch.md,youtube,interview,arrhythmic,dialogue_primary,strategic,triaged,information,ai,sana,Strange Loop,Sana - Strange Loop - David Deustch,2025-09-02,,,,
SOURCE-20250902-132,20250902-youtube_video-sana-strange_loop-david_deustch.txt,raw/transcripts/20250902-youtube_video-sana-strange_loop-david_deustch.txt,youtube,interview,arrhythmic,dialogue_primary,strategic,triaged,information,ai,sana,Strange Loop,Sana - Strange Loop - David Deustch,2025-09-02,,,,
SOURCE-20250903-133,20250903-youtube_video-curt_jaimungal-max_tegmark.md,raw/transcripts/20250903-youtube_video-curt_jaimungal-max_tegmark.md,youtube,interview,arrhythmic,dialogue_primary,paradigm,triaged,information,ai,curt_jaimungal,Max Tegmark,Curt Jaimungal - Max Tegmark,2025-09-03,,,,
SOURCE-20250903-134,20250903-youtube_video-curt_jaimungal-max_tegmark.txt,raw/transcripts/20250903-youtube_video-curt_jaimungal-max_tegmark.txt,youtube,interview,arrhythmic,dialogue_primary,paradigm,triaged,information,ai,curt_jaimungal,Max Tegmark,Curt Jaimungal - Max Tegmark,2025-09-03,,,,
SOURCE-20251014-135,20251014-youtube_video-andre_duqun_donald_hoffman.md,raw/transcripts/20251014-youtube_video-andre_duqun_donald_hoffman.md,youtube,solo_presentation,arrhythmic,dialogue_primary,tactical,triaged,information,ai,andre_duqun_donald_hoffman,,Andre Duqun Donald Hoffman,2025-10-14,,,,
SOURCE-20251014-136,20251014-youtube_video-andre_duqun_donald_hoffman.txt,raw/transcripts/20251014-youtube_video-andre_duqun_donald_hoffman.txt,youtube,solo_presentation,arrhythmic,dialogue_primary,tactical,triaged,information,ai,andre_duqun_donald_hoffman,,Andre Duqun Donald Hoffman,2025-10-14,,,,
SOURCE-20251014-137,20251014-youtube_video-citadel_securities-jensen_huang.md,raw/transcripts/20251014-youtube_video-citadel_securities-jensen_huang.md,youtube,interview,arrhythmic,dialogue_primary,paradigm,triaged,information,ai,citadel_securities,Jensen Huang,Citadel Securities - Jensen Huang,2025-10-14,,,,
SOURCE-20251014-138,20251014-youtube_video-citadel_securities-jensen_huang.txt,raw/transcripts/20251014-youtube_video-citadel_securities-jensen_huang.txt,youtube,interview,arrhythmic,dialogue_primary,paradigm,triaged,information,ai,citadel_securities,Jensen Huang,Citadel Securities - Jensen Huang,2025-10-14,,,,
SOURCE-20251020-139,20251020-youtube_video-big_think-peter_leyden.md,raw/transcripts/20251020-youtube_video-big_think-peter_leyden.md,youtube,interview,arrhythmic,dialogue_primary,strategic,triaged,information,ai,big_think,Peter Leyden,Big Think - Peter Leyden,2025-10-20,,,,
SOURCE-20251020-140,20251020-youtube_video-big_think-peter_leyden.txt,raw/transcripts/20251020-youtube_video-big_think-peter_leyden.txt,youtube,interview,arrhythmic,dialogue_primary,strategic,triaged,information,ai,big_think,Peter Leyden,Big Think - Peter Leyden,2025-10-20,,,,
SOURCE-20251020-141,20251020-youtube_video-info_tech_research_group-ben_goertzel.md,raw/transcripts/20251020-youtube_video-info_tech_research_group-ben_goertzel.md,youtube,interview,arrhythmic,dialogue_primary,tactical,triaged,information,ai,info_tech_research_group,Ben Goertzel,Info Tech Research Group - Ben Goertzel,2025-10-20,,,,
SOURCE-20251020-142,20251020-youtube_video-info_tech_research_group-ben_goertzel.txt,raw/transcripts/20251020-youtube_video-info_tech_research_group-ben_goertzel.txt,youtube,interview,arrhythmic,dialogue_primary,tactical,triaged,information,ai,info_tech_research_group,Ben Goertzel,Info Tech Research Group - Ben Goertzel,2025-10-20,,,,
SOURCE-20251021-143,20251021-youtube_video-relentless-justin_fiaschetti.md,raw/transcripts/20251021-youtube_video-relentless-justin_fiaschetti.md,youtube,interview,arrhythmic,dialogue_primary,tactical,triaged,information,ai,relentless,Justin Fiaschetti,Relentless - Justin Fiaschetti,2025-10-21,,,,
SOURCE-20251021-144,20251021-youtube_video-relentless-justin_fiaschetti.txt,raw/transcripts/20251021-youtube_video-relentless-justin_fiaschetti.txt,youtube,interview,arrhythmic,dialogue_primary,tactical,triaged,information,ai,relentless,Justin Fiaschetti,Relentless - Justin Fiaschetti,2025-10-21,,,,
SOURCE-20251021-145,20251021-youtube_video-relentless-saurav_shroff.md,raw/transcripts/20251021-youtube_video-relentless-saurav_shroff.md,youtube,interview,arrhythmic,dialogue_primary,tactical,triaged,information,ai,relentless,Saurav Shroff,Relentless - Saurav Shroff,2025-10-21,,,,
SOURCE-20251021-146,20251021-youtube_video-relentless-saurav_shroff.txt,raw/transcripts/20251021-youtube_video-relentless-saurav_shroff.txt,youtube,interview,arrhythmic,dialogue_primary,tactical,triaged,information,ai,relentless,Saurav Shroff,Relentless - Saurav Shroff,2025-10-21,,,,
SOURCE-20251021-147,20251021-youtube_video-tbpn-bryan_johnson.md,raw/transcripts/20251021-youtube_video-tbpn-bryan_johnson.md,youtube,interview,arrhythmic,dialogue_primary,tactical,triaged,information,ai,tbpn,Bryan Johnson,Tbpn - Bryan Johnson,2025-10-21,,,,
SOURCE-20251021-148,20251021-youtube_video-tbpn-bryan_johnson.txt,raw/transcripts/20251021-youtube_video-tbpn-bryan_johnson.txt,youtube,interview,arrhythmic,dialogue_primary,tactical,triaged,information,ai,tbpn,Bryan Johnson,Tbpn - Bryan Johnson,2025-10-21,,,,
SOURCE-20251024-149,20251024-youtube_video-arc_prize-francoise_chollet_and_mike_knoop.md,raw/transcripts/20251024-youtube_video-arc_prize-francoise_chollet_and_mike_knoop.md,youtube,interview,arrhythmic,dialogue_primary,paradigm,triaged,information,ai,arc_prize,Francoise Chollet And Mike Knoop,Arc Prize - Francoise Chollet And Mike Knoop,2025-10-24,,,,
SOURCE-20251024-150,20251024-youtube_video-arc_prize-francoise_chollet_and_mike_knoop.txt,raw/transcripts/20251024-youtube_video-arc_prize-francoise_chollet_and_mike_knoop.txt,youtube,interview,arrhythmic,dialogue_primary,paradigm,triaged,information,ai,arc_prize,Francoise Chollet And Mike Knoop,Arc Prize - Francoise Chollet And Mike Knoop,2025-10-24,,,,
SOURCE-20251027-151,20251027-youtube_video-all_in-john_martinis.md,raw/transcripts/20251027-youtube_video-all_in-john_martinis.md,youtube,interview,arrhythmic,dialogue_primary,strategic,triaged,information,ai,all_in,John Martinis,All In - John Martinis,2025-10-27,,,,
SOURCE-20251027-152,20251027-youtube_video-all_in-john_martinis.txt,raw/transcripts/20251027-youtube_video-all_in-john_martinis.txt,youtube,interview,arrhythmic,dialogue_primary,strategic,triaged,information,ai,all_in,John Martinis,All In - John Martinis,2025-10-27,,,,
SOURCE-20251027-153,20251027-youtube_video-david_carbutt-cathie_wood.md,raw/transcripts/20251027-youtube_video-david_carbutt-cathie_wood.md,youtube,interview,arrhythmic,dialogue_primary,tactical,triaged,information,ai,david_carbutt,Cathie Wood,David Carbutt - Cathie Wood,2025-10-27,,,,
SOURCE-20251027-154,20251027-youtube_video-david_carbutt-cathie_wood.txt,raw/transcripts/20251027-youtube_video-david_carbutt-cathie_wood.txt,youtube,interview,arrhythmic,dialogue_primary,tactical,triaged,information,ai,david_carbutt,Cathie Wood,David Carbutt - Cathie Wood,2025-10-27,,,,
SOURCE-20251027-155,20251027-youtube_video-moonshots-chatgpt_atlas.md,raw/transcripts/20251027-youtube_video-moonshots-chatgpt_atlas.md,youtube,interview,arrhythmic,dialogue_primary,tactical,triaged,information,ai,moonshots,Chatgpt Atlas,Moonshots - Chatgpt Atlas,2025-10-27,,,,
SOURCE-20251027-156,20251027-youtube_video-moonshots-chatgpt_atlas.txt,raw/transcripts/20251027-youtube_video-moonshots-chatgpt_atlas.txt,youtube,interview,arrhythmic,dialogue_primary,tactical,triaged,information,ai,moonshots,Chatgpt Atlas,Moonshots - Chatgpt Atlas,2025-10-27,,,,
SOURCE-20251028-157,20251028-youtube_video-nvidia-gtc_washington_dc_keynote.md,raw/transcripts/20251028-youtube_video-nvidia-gtc_washington_dc_keynote.md,youtube,lecture,arrhythmic,visual_primary,strategic,triaged,information,ai,nvidia,Gtc Washington Dc Keynote,Nvidia - Gtc Washington Dc Keynote,2025-10-28,,,,
SOURCE-20251028-158,20251028-youtube_video-nvidia-gtc_washington_dc_keynote.txt,raw/transcripts/20251028-youtube_video-nvidia-gtc_washington_dc_keynote.txt,youtube,lecture,arrhythmic,visual_primary,strategic,triaged,information,ai,nvidia,Gtc Washington Dc Keynote,Nvidia - Gtc Washington Dc Keynote,2025-10-28,,,,
SOURCE-20251029-159,20251029-youtube_video-mathew_berman-sam_altman_reveals_exact_date_of_intelligence_explosion.md,raw/transcripts/20251029-youtube_video-mathew_berman-sam_altman_reveals_exact_date_of_intelligence_explosion.md,youtube,interview,arrhythmic,dialogue_primary,paradigm,triaged,information,ai,mathew_berman,Sam Altman Reveals Exact Date Of Intelligence Explosion,Mathew Berman - Sam Altman Reveals Exact Date Of Intelligence Explosion,2025-10-29,,,,
SOURCE-20251029-160,20251029-youtube_video-mathew_berman-sam_altman_reveals_exact_date_of_intelligence_explosion.txt,raw/transcripts/20251029-youtube_video-mathew_berman-sam_altman_reveals_exact_date_of_intelligence_explosion.txt,youtube,interview,arrhythmic,dialogue_primary,paradigm,triaged,information,ai,mathew_berman,Sam Altman Reveals Exact Date Of Intelligence Explosion,Mathew Berman - Sam Altman Reveals Exact Date Of Intelligence Explosion,2025-10-29,,,,
SOURCE-20251029-161,20251029-youtube_video-openai-sam_jakub_and_wojciec.md,raw/transcripts/20251029-youtube_video-openai-sam_jakub_and_wojciec.md,youtube,interview,arrhythmic,dialogue_primary,strategic,triaged,information,ai,openai,Sam Jakub And Wojciec,Openai - Sam Jakub And Wojciec,2025-10-29,,,,
SOURCE-20251029-162,20251029-youtube_video-openai-sam_jakub_and_wojciec.txt,raw/transcripts/20251029-youtube_video-openai-sam_jakub_and_wojciec.txt,youtube,interview,arrhythmic,dialogue_primary,strategic,triaged,information,ai,openai,Sam Jakub And Wojciec,Openai - Sam Jakub And Wojciec,2025-10-29,,,,
SOURCE-20251030-163,20251030-youtube_video-ai_explained-the_end_of_ai.md,raw/transcripts/20251030-youtube_video-ai_explained-the_end_of_ai.md,youtube,interview,arrhythmic,dialogue_primary,tactical,triaged,information,ai,ai_explained,The End Of Ai,Ai Explained - The End Of Ai,2025-10-30,,,,
SOURCE-20251030-164,20251030-youtube_video-ai_explained-the_end_of_ai.txt,raw/transcripts/20251030-youtube_video-ai_explained-the_end_of_ai.txt,youtube,interview,arrhythmic,dialogue_primary,tactical,triaged,information,ai,ai_explained,The End Of Ai,Ai Explained - The End Of Ai,2025-10-30,,,,
SOURCE-20251030-165,20251030-youtube_video-moonshots-anatoly_yakovenko_204.md,raw/transcripts/20251030-youtube_video-moonshots-anatoly_yakovenko_204.md,youtube,interview,arrhythmic,dialogue_primary,tactical,triaged,information,ai,moonshots,Anatoly Yakovenko 204,Moonshots - Anatoly Yakovenko 204,2025-10-30,,,,
SOURCE-20251030-166,20251030-youtube_video-moonshots-anatoly_yakovenko_204.txt,raw/transcripts/20251030-youtube_video-moonshots-anatoly_yakovenko_204.txt,youtube,interview,arrhythmic,dialogue_primary,tactical,triaged,information,ai,moonshots,Anatoly Yakovenko 204,Moonshots - Anatoly Yakovenko 204,2025-10-30,,,,
SOURCE-20251030-167,20251030-youtube_video-sanity-everything-sean_grove.md,raw/transcripts/20251030-youtube_video-sanity-everything-sean_grove.md,youtube,interview,arrhythmic,dialogue_primary,tactical,triaged,information,ai,sanity,Everything,Sanity - Everything - Sean Grove,2025-10-30,,,,
SOURCE-20251030-168,20251030-youtube_video-sanity-everything-sean_grove.txt,raw/transcripts/20251030-youtube_video-sanity-everything-sean_grove.txt,youtube,interview,arrhythmic,dialogue_primary,tactical,triaged,information,ai,sanity,Everything,Sanity - Everything - Sean Grove,2025-10-30,,,,
SOURCE-20251031-169,20251031-youtube_video-a16z-ben_horowitz_&_marc_andreessens.md,raw/transcripts/20251031-youtube_video-a16z-ben_horowitz_&_marc_andreessens.md,youtube,interview,arrhythmic,dialogue_primary,strategic,triaged,information,ai,a16z,Ben Horowitz And Marc Andreessens,A16z - Ben Horowitz & Marc Andreessens,2025-10-31,,,,
SOURCE-20251031-170,20251031-youtube_video-a16z-ben_horowitz_&_marc_andreessens.txt,raw/transcripts/20251031-youtube_video-a16z-ben_horowitz_&_marc_andreessens.txt,youtube,interview,arrhythmic,dialogue_primary,strategic,triaged,information,ai,a16z,Ben Horowitz And Marc Andreessens,A16z - Ben Horowitz & Marc Andreessens,2025-10-31,,,,
SOURCE-20251031-171,20251031-youtube_video-all_in-elon_musk.md,raw/transcripts/20251031-youtube_video-all_in-elon_musk.md,youtube,interview,arrhythmic,dialogue_primary,strategic,triaged,information,ai,all_in,Elon Musk,All In - Elon Musk,2025-10-31,,,,
SOURCE-20251031-172,20251031-youtube_video-all_in-elon_musk.txt,raw/transcripts/20251031-youtube_video-all_in-elon_musk.txt,youtube,interview,arrhythmic,dialogue_primary,strategic,triaged,information,ai,all_in,Elon Musk,All In - Elon Musk,2025-10-31,,,,
SOURCE-20251031-173,20251031-youtube_video-bilwal_sidhu-john_gaeta.md,raw/transcripts/20251031-youtube_video-bilwal_sidhu-john_gaeta.md,youtube,interview,arrhythmic,dialogue_primary,paradigm,triaged,information,ai,bilwal_sidhu,John Gaeta,Bilwal Sidhu - John Gaeta,2025-10-31,,,,
SOURCE-20251031-174,20251031-youtube_video-bilwal_sidhu-john_gaeta.txt,raw/transcripts/20251031-youtube_video-bilwal_sidhu-john_gaeta.txt,youtube,interview,arrhythmic,dialogue_primary,paradigm,triaged,information,ai,bilwal_sidhu,John Gaeta,Bilwal Sidhu - John Gaeta,2025-10-31,,,,
SOURCE-20251031-175,20251031-youtube_video-david_shapiro-post_labor_enterprise.md,raw/transcripts/20251031-youtube_video-david_shapiro-post_labor_enterprise.md,youtube,interview,arrhythmic,dialogue_primary,tactical,triaged,information,ai,david_shapiro,Post Labor Enterprise,David Shapiro - Post Labor Enterprise,2025-10-31,,,,
SOURCE-20251031-176,20251031-youtube_video-david_shapiro-post_labor_enterprise.txt,raw/transcripts/20251031-youtube_video-david_shapiro-post_labor_enterprise.txt,youtube,interview,arrhythmic,dialogue_primary,tactical,triaged,information,ai,david_shapiro,Post Labor Enterprise,David Shapiro - Post Labor Enterprise,2025-10-31,,,,
SOURCE-20251031-177,20251031-youtube_video-extropic-trevor_mccourt_cto.md,raw/transcripts/20251031-youtube_video-extropic-trevor_mccourt_cto.md,youtube,interview,arrhythmic,dialogue_primary,strategic,triaged,information,ai,extropic,Trevor Mccourt Cto,Extropic - Trevor Mccourt Cto,2025-10-31,,,,
SOURCE-20251031-178,20251031-youtube_video-extropic-trevor_mccourt_cto.txt,raw/transcripts/20251031-youtube_video-extropic-trevor_mccourt_cto.txt,youtube,interview,arrhythmic,dialogue_primary,strategic,triaged,information,ai,extropic,Trevor Mccourt Cto,Extropic - Trevor Mccourt Cto,2025-10-31,,,,
SOURCE-20251031-179,20251031-youtube_video-joe_rogan_experience-elon_musk-2404.md,raw/transcripts/20251031-youtube_video-joe_rogan_experience-elon_musk-2404.md,youtube,interview,arrhythmic,dialogue_primary,strategic,triaged,information,ai,joe_rogan_experience,Elon Musk,Joe Rogan Experience - Elon Musk - 2404,2025-10-31,,,,
SOURCE-20251031-180,20251031-youtube_video-joe_rogan_experience-elon_musk-2404.txt,raw/transcripts/20251031-youtube_video-joe_rogan_experience-elon_musk-2404.txt,youtube,interview,arrhythmic,dialogue_primary,strategic,triaged,information,ai,joe_rogan_experience,Elon Musk,Joe Rogan Experience - Elon Musk - 2404,2025-10-31,,,,
SOURCE-20251031-181,20251031-youtube_video-no_priors-the_best_of_2025_(so_far)_138.md,raw/transcripts/20251031-youtube_video-no_priors-the_best_of_2025_(so_far)_138.md,youtube,interview,arrhythmic,dialogue_primary,strategic,triaged,information,ai,no_priors,The Best Of 2025 (So Far) 138,No Priors - The Best Of 2025 (so Far) 138,2025-10-31,,,,
SOURCE-20251031-182,20251031-youtube_video-no_priors-the_best_of_2025_(so_far)_138.txt,raw/transcripts/20251031-youtube_video-no_priors-the_best_of_2025_(so_far)_138.txt,youtube,interview,arrhythmic,dialogue_primary,strategic,triaged,information,ai,no_priors,The Best Of 2025 (So Far) 138,No Priors - The Best Of 2025 (so Far) 138,2025-10-31,,,,
SOURCE-20251101-183,20251101-youtube_video-david_shapiro-renaissance_2_0.md,raw/transcripts/20251101-youtube_video-david_shapiro-renaissance_2_0.md,youtube,interview,arrhythmic,dialogue_primary,tactical,triaged,information,ai,david_shapiro,Renaissance 2 0,David Shapiro - Renaissance 2 0,2025-11-01,,,,
SOURCE-20251101-184,20251101-youtube_video-david_shapiro-renaissance_2_0.txt,raw/transcripts/20251101-youtube_video-david_shapiro-renaissance_2_0.txt,youtube,interview,arrhythmic,dialogue_primary,tactical,triaged,information,ai,david_shapiro,Renaissance 2 0,David Shapiro - Renaissance 2 0,2025-11-01,,,,
